frame,time,detections,tracks,latency_ms,max_speed
0,1769118017.5535452,0,0,53.09880001004785,0.0
1,1769118017.5835412,0,0,10.29559993185103,0.0
2,1769118017.6154382,0,0,10.305000003427267,0.0
3,1769118017.6464424,0,0,10.507900035008788,0.0
4,1769118017.6766264,0,0,10.205899947322905,0.0
5,1769118017.707403,0,0,8.98739998228848,0.0
6,1769118017.7344012,0,0,9.384400094859302,0.0
7,1769118017.763399,0,0,9.534199954941869,0.0
8,1769118017.7927496,0,0,10.20509994123131,0.0
9,1769118017.8193746,0,0,9.56830009818077,0.0
10,1769118017.849375,0,0,9.71919996663928,0.0
11,1769118017.8803718,0,0,10.46330004464835,0.0
12,1769118017.9099312,0,0,9.625299950130284,0.0
13,1769118017.933257,0,0,10.514500085264444,0.0
14,1769118017.9602582,0,0,9.457599953748286,0.0
15,1769118017.99155,0,0,11.240700026974082,0.0
16,1769118018.019068,0,0,9.236100013367832,0.0
17,1769118018.0460796,0,0,10.04530000500381,0.0
18,1769118018.0748057,0,0,10.156700038351119,0.0
19,1769118018.1013336,0,0,9.200899978168309,0.0
20,1769118018.1303391,0,0,9.795399964787066,0.0
21,1769118018.1588652,0,0,8.811400039121509,0.0
22,1769118018.1871276,0,0,10.495100053958595,0.0
23,1769118018.2167733,0,0,10.296200052835047,0.0
24,1769118018.2440903,0,0,9.939300012774765,0.0
25,1769118018.2710977,0,0,9.277899982407689,0.0
26,1769118018.300627,0,0,9.549500071443617,0.0
27,1769118018.3281214,0,0,9.847400011494756,0.0
28,1769118018.3574007,0,0,10.257299989461899,0.0
29,1769118018.3855414,0,0,10.658000013791025,0.0
30,1769118018.4138072,0,0,9.511800017207861,0.0
31,1769118018.4438093,0,0,9.917999967001379,0.0
32,1769118018.4749293,0,0,10.238800081424415,0.0
33,1769118018.505568,0,0,9.719699970446527,0.0
34,1769118018.536578,0,0,9.534800075925887,0.0
35,1769118018.553568,0,0,9.47639998048544,0.0
36,1769118018.5815685,0,0,9.442700073122978,0.0
37,1769118018.613513,0,0,10.109400027431548,0.0
38,1769118018.6449697,0,0,10.013599996455014,0.0
39,1769118018.6744974,0,0,9.167499956674874,0.0
40,1769118018.6941788,0,0,9.338699979707599,0.0
41,1769118018.7214303,0,0,8.611700031906366,0.0
42,1769118018.751431,0,0,9.719599969685078,0.0
43,1769118018.7794273,0,0,9.558200021274388,0.0
44,1769118018.8079593,0,0,9.830700000748038,0.0
45,1769118018.8349524,0,0,9.186399984173477,0.0
46,1769118018.864957,0,0,9.861800004728138,0.0
47,1769118018.8927011,0,0,9.40520002041012,0.0
48,1769118018.9202259,0,0,9.406000026501715,0.0
49,1769118018.948725,0,0,9.532500058412552,0.0
50,1769118018.9771612,0,0,8.816800080239773,0.0
51,1769118019.0071452,0,0,9.634700021706522,0.0
52,1769118019.0363321,0,0,9.04799997806549,0.0
53,1769118019.0617766,0,0,9.371799998916686,0.0
54,1769118019.1001582,2,2,19.88200005143881,0.0
55,1769118019.1391668,2,3,18.774500000290573,0.09449200332164764
56,1769118019.1631703,0,3,10.480800061486661,0.09449200332164764
57,1769118019.1951826,0,3,11.11359999049455,0.09449200332164764
58,1769118019.2270107,1,4,11.675999965518713,0.09449200332164764
59,1769118019.2580116,2,6,10.96099999267608,0.09449200332164764
60,1769118019.2925444,2,6,13.719899929128587,0.09449200332164764
61,1769118019.3235102,2,5,13.708199956454337,0.06681594252586365
62,1769118019.3539515,2,6,12.064900016412139,0.25530335307121277
63,1769118019.3839536,1,6,11.053800000809133,0.4350738823413849
64,1769118019.4156172,1,6,10.94319997355342,0.4350738823413849
65,1769118019.4467747,1,6,11.492499965243042,0.4350738823413849
66,1769118019.4787786,1,5,11.6779999807477,0.4350738823413849
67,1769118019.5072997,0,4,9.895000024698675,0.4350738823413849
68,1769118019.5381234,0,3,10.149399982765317,0.4350738823413849
69,1769118019.5701258,0,2,10.332899983040988,0.02988099679350853
70,1769118019.6006544,0,1,10.352600016631186,0.02988099679350853
71,1769118019.6316597,0,1,9.778899955563247,0.02988099679350853
72,1769118019.6546543,0,0,9.190600016154349,0.0
73,1769118019.6836557,0,0,9.908500011079013,0.0
74,1769118019.7111924,0,0,9.069700026884675,0.0
75,1769118019.7404556,0,0,8.916999911889434,0.0
76,1769118019.7671065,0,0,9.306399966590106,0.0
77,1769118019.7971177,0,0,9.873799979686737,0.0
78,1769118019.8247616,0,0,9.300999925471842,0.0
79,1769118019.8521018,0,0,8.87350004632026,0.0
80,1769118019.8839617,0,0,11.4322000881657,0.0
81,1769118019.9143062,0,0,10.493700043298304,0.0
82,1769118019.944793,0,0,9.230699972249568,0.0
83,1769118019.9660141,0,0,10.149799985811114,0.0
84,1769118019.9950407,0,0,9.745900053530931,0.0
85,1769118020.0226789,0,0,9.21099993865937,0.0
86,1769118020.050307,0,0,9.254299919120967,0.0
87,1769118020.0787742,0,0,9.226400055922568,0.0
88,1769118020.1063704,0,0,9.02310002129525,0.0
89,1769118020.1353745,0,0,9.57420002669096,0.0
90,1769118020.1636083,0,0,9.1787000419572,0.0
91,1769118020.190938,0,0,9.058899944648147,0.0
92,1769118020.2201874,0,0,9.93709999602288,0.0
93,1769118020.2485814,0,0,10.364799993112683,0.0
94,1769118020.2772906,0,0,9.376200032420456,0.0
95,1769118020.3038297,0,0,9.145400021225214,0.0
96,1769118020.3323927,0,0,9.168100077658892,0.0
97,1769118020.3615339,0,0,9.796499973163009,0.0
98,1769118020.3885481,0,0,9.066600003279746,0.0
99,1769118020.4164925,0,0,9.510600008070469,0.0
100,1769118020.4450784,0,0,9.439700050279498,0.0
101,1769118020.4754584,0,0,9.320700075477362,0.0
102,1769118020.504754,0,0,9.008700028061867,0.0
103,1769118020.5302262,0,0,9.976700064726174,0.0
104,1769118020.5599012,0,0,10.023600072599947,0.0
105,1769118020.5879686,0,0,10.210499982349575,0.0
106,1769118020.615568,0,0,9.360600030049682,0.0
107,1769118020.6439662,0,0,9.01130004785955,0.0
108,1769118020.671549,0,0,9.429499972611666,0.0
109,1769118020.7010999,0,0,9.938400005921721,0.0
110,1769118020.7304096,0,0,11.382400058209896,0.0
111,1769118020.7583644,0,0,10.2066999534145,0.0
112,1769118020.7870464,0,0,9.194300044327974,0.0
113,1769118020.8169937,0,0,9.652200038544834,0.0
114,1769118020.8404787,0,0,9.291299968026578,0.0
115,1769118020.8730311,0,0,14.04570008162409,0.0
116,1769118020.9012687,0,0,10.59950003400445,0.0
117,1769118020.9263217,0,0,8.94569989759475,0.0
118,1769118020.9549322,0,0,9.519799961708486,0.0
119,1769118020.9835,0,0,10.146299959160388,0.0
120,1769118021.0115192,0,0,10.270699975080788,0.0
121,1769118021.039434,0,0,9.04949998948723,0.0
122,1769118021.0674446,0,0,9.339100099168718,0.0
123,1769118021.0956864,0,0,9.60380001924932,0.0
124,1769118021.123202,0,0,9.283600025810301,0.0
125,1769118021.1527212,0,0,10.214500012807548,0.0
126,1769118021.1809542,0,0,10.048100026324391,0.0
127,1769118021.2077196,0,0,8.725800085812807,0.0
128,1769118021.2367609,0,0,9.26299998536706,0.0
129,1769118021.2643623,0,0,9.521299973130226,0.0
130,1769118021.2937284,0,0,10.04369999282062,0.0
131,1769118021.3218403,0,0,9.882200043648481,0.0
132,1769118021.3488398,0,0,9.036000003106892,0.0
133,1769118021.376454,0,0,9.010600042529404,0.0
134,1769118021.4052882,0,0,8.973399992100894,0.0
135,1769118021.434437,0,0,10.117900092154741,0.0
136,1769118021.4634397,0,0,9.780600084923208,0.0
137,1769118021.4899037,0,0,9.095699992030859,0.0
138,1769118021.5184193,0,0,9.061500080861151,0.0
139,1769118021.5479383,0,0,9.103599935770035,0.0
140,1769118021.5773878,0,0,10.931099997833371,0.0
141,1769118021.6053286,0,0,9.597599972039461,0.0
142,1769118021.6306398,0,0,8.489200030453503,0.0
143,1769118021.659651,0,0,8.561599999666214,0.0
144,1769118021.689661,0,0,8.67200002539903,0.0
145,1769118021.7171893,0,0,10.10600000154227,0.0
146,1769118021.7443178,0,0,9.256800054572523,0.0
147,1769118021.7730947,0,0,9.31619992479682,0.0
148,1769118021.8001022,0,0,8.750200038775802,0.0
149,1769118021.8302908,0,0,9.353099972940981,0.0
150,1769118021.8588355,0,0,10.39199996739626,0.0
151,1769118021.88843,0,0,10.909700067713857,0.0
152,1769118021.913946,0,0,9.114300017245114,0.0
153,1769118021.942911,0,0,10.066899936646223,0.0
154,1769118021.9705393,0,0,9.597099968232214,0.0
155,1769118022.0005555,0,0,9.288800065405667,0.0
156,1769118022.0320194,0,0,10.176599957048893,0.0
157,1769118022.0613456,0,0,8.9608000125736,0.0
158,1769118022.0840924,0,0,9.260199964046478,0.0
159,1769118022.1111448,0,0,8.957399986684322,0.0
160,1769118022.1414175,0,0,9.544499916955829,0.0
161,1769118022.1706984,0,0,9.11340001039207,0.0
162,1769118022.197053,0,0,9.558500023558736,0.0
163,1769118022.2246323,0,0,8.827899931930006,0.0
164,1769118022.2540376,0,0,9.930800064466894,0.0
165,1769118022.2822983,0,0,9.67639998998493,0.0
166,1769118022.3119273,0,0,9.072299930267036,0.0
167,1769118022.3395703,0,0,10.730599984526634,0.0
168,1769118022.3673012,0,0,9.893699898384511,0.0
169,1769118022.3968139,0,0,11.921599972993135,0.0
170,1769118022.4241164,0,0,9.757500025443733,0.0
171,1769118022.4511282,0,0,9.270799928344786,0.0
172,1769118022.4802408,0,0,10.276499902829528,0.0
173,1769118022.5086005,0,0,10.443600011058152,0.0
174,1769118022.5361536,0,0,9.44519997574389,0.0
175,1769118022.5650675,0,0,10.055400081910193,0.0
176,1769118022.592969,0,0,9.369399980641901,0.0
177,1769118022.6231296,0,0,9.563199942931533,0.0
178,1769118022.6502256,0,0,11.091200052760541,0.0
179,1769118022.6803193,0,0,10.589999961666763,0.0
180,1769118022.707625,0,0,9.671900072135031,0.0
181,1769118022.735362,0,0,9.742600028403103,0.0
182,1769118022.765042,0,0,10.243199998512864,0.0
183,1769118022.7923095,0,0,10.884899995289743,0.0
184,1769118022.8195872,0,0,9.810299961827695,0.0
185,1769118022.8487313,0,0,10.53870003670454,0.0
186,1769118022.8777783,0,0,10.196000104770064,0.0
187,1769118022.906084,0,0,9.64659999590367,0.0
188,1769118022.935377,0,0,9.138799970969558,0.0
189,1769118022.9607692,0,0,10.33119997009635,0.0
190,1769118022.9888277,0,0,10.508000035770237,0.0
191,1769118023.0161624,0,0,9.498500032350421,0.0
192,1769118023.0456543,0,0,9.488899959251285,0.0
193,1769118023.0766096,0,0,9.80669993441552,0.0
194,1769118023.1061168,0,0,9.578599943779409,0.0
195,1769118023.1292558,0,0,9.165500057861209,0.0
196,1769118023.1562576,0,0,9.367799968458712,0.0
197,1769118023.185258,0,0,9.272400056943297,0.0
198,1769118023.215348,0,0,9.684599936008453,0.0
199,1769118023.2426302,0,0,9.852200048044324,0.0
200,1769118023.2719305,0,0,11.030000052414834,0.0
201,1769118023.2977045,0,0,9.397099958732724,0.0
202,1769118023.3273919,0,0,9.782199980691075,0.0
203,1769118023.3536935,0,0,7.8832999570295215,0.0
204,1769118023.383638,0,0,9.497300023213029,0.0
205,1769118023.4123983,0,0,10.413800016976893,0.0
206,1769118023.440771,0,0,10.650199954397976,0.0
207,1769118023.467599,0,0,9.793799952603877,0.0
208,1769118023.4963007,0,0,9.719599969685078,0.0
209,1769118023.5265634,0,0,9.401799994520843,0.0
210,1769118023.552944,0,0,9.834000025875866,0.0
211,1769118023.58141,0,0,10.061100008897483,0.0
212,1769118023.609555,0,0,9.717200067825615,0.0
213,1769118023.636608,0,0,9.080099989660084,0.0
214,1769118023.6670756,0,0,9.776800055988133,0.0
215,1769118023.6941245,0,0,9.149800054728985,0.0
216,1769118023.721861,0,0,9.912700043059886,0.0
217,1769118023.7509174,0,0,9.592099930159748,0.0
218,1769118023.7781417,0,0,9.06289997510612,0.0
219,1769118023.8076727,0,0,9.131800034083426,0.0
220,1769118023.8343232,0,0,9.091799962334335,0.0
221,1769118023.8659105,0,0,11.8337000021711,0.0
222,1769118023.897487,0,0,10.034999926574528,0.0
223,1769118023.9231489,0,0,10.21580002270639,0.0
224,1769118023.9489996,0,0,10.514599969610572,0.0
225,1769118023.9776096,0,0,9.414799977093935,0.0
226,1769118024.0054502,0,0,9.649400017224252,0.0
227,1769118024.0339277,0,0,11.007799999788404,0.0
228,1769118024.060968,0,0,9.292400092817843,0.0
229,1769118024.0893872,0,0,9.345000027678907,0.0
230,1769118024.1181784,0,0,8.483799989335239,0.0
231,1769118024.145325,0,0,9.688999969512224,0.0
232,1769118024.1733246,0,0,9.170599980279803,0.0
233,1769118024.2016873,0,0,9.56509995739907,0.0
234,1769118024.2308238,0,0,9.590700035914779,0.0
235,1769118024.2595716,0,0,9.263399988412857,0.0
236,1769118024.2867117,0,0,9.80959995649755,0.0
237,1769118024.3152425,0,0,9.672300075180829,0.0
238,1769118024.3436234,0,0,9.927399922162294,0.0
239,1769118024.3718712,0,0,9.479600004851818,0.0
240,1769118024.4011319,0,0,9.441999951377511,0.0
241,1769118024.4281535,0,0,9.317300049588084,0.0
242,1769118024.4563608,0,0,9.857699973508716,0.0
243,1769118024.4849994,0,0,10.190200060606003,0.0
244,1769118024.5146284,0,0,10.601999936625361,0.0
245,1769118024.5407355,0,0,8.857899927534163,0.0
246,1769118024.5694923,0,0,9.18900000397116,0.0
247,1769118024.598038,0,0,10.167800006456673,0.0
248,1769118024.6279988,0,0,10.191999957896769,0.0
249,1769118024.6560636,0,0,11.051700101234019,0.0
250,1769118024.682261,0,0,8.964199922047555,0.0
251,1769118024.7122233,0,0,9.18749999254942,0.0
252,1769118024.7387547,0,0,9.695999906398356,0.0
253,1769118024.767265,0,0,10.056399973109365,0.0
254,1769118024.7967973,0,0,10.95220004208386,0.0
255,1769118024.8237524,0,0,9.447999997064471,0.0
256,1769118024.8542325,0,0,9.465000010095537,0.0
257,1769118024.8853133,0,0,9.59050003439188,0.0
258,1769118024.9152868,0,0,9.184199967421591,0.0
259,1769118024.9384928,0,0,11.744799907319248,0.0
260,1769118024.9668045,0,0,10.221699951216578,0.0
261,1769118024.9931657,0,0,9.170299977995455,0.0
262,1769118025.0213737,0,0,9.345999918878078,0.0
263,1769118025.0496664,0,0,9.36369993723929,0.0
264,1769118025.078198,0,0,10.256099980324507,0.0
265,1769118025.1052272,0,0,9.266200009733438,0.0
266,1769118025.134493,0,0,10.002700029872358,0.0
267,1769118025.1640098,0,0,9.044500067830086,0.0
268,1769118025.1909137,0,0,9.281600010581315,0.0
269,1769118025.2193563,0,0,10.361600085161626,0.0
270,1769118025.247175,0,0,9.301899932324886,0.0
271,1769118025.2751832,0,0,9.36499994713813,0.0
272,1769118025.305709,0,0,9.432599996216595,0.0
273,1769118025.3316963,0,0,9.792800061404705,0.0
274,1769118025.3616934,0,0,10.42190007865429,0.0
275,1769118025.3889418,0,0,9.786900016479194,0.0
276,1769118025.4161236,0,0,8.87769996188581,0.0
277,1769118025.445059,0,0,9.184099966660142,0.0
278,1769118025.4737933,0,0,10.12240001000464,0.0
279,1769118025.5019062,0,0,9.983800002373755,0.0
280,1769118025.5316489,0,0,11.125099961645901,0.0
281,1769118025.5587838,0,0,9.41399997100234,0.0
282,1769118025.588917,0,0,9.66460001654923,0.0
283,1769118025.6187496,0,0,9.466200019232929,0.0
284,1769118025.6430953,0,0,10.04809990990907,0.0
285,1769118025.6718507,0,0,9.599000099115074,0.0
286,1769118025.7008371,0,0,11.292599956505,0.0
287,1769118025.7278502,0,0,9.165800060145557,0.0
288,1769118025.7551084,0,0,8.724399958737195,0.0
289,1769118025.7845552,0,0,9.955199901014566,0.0
290,1769118025.8129165,0,0,9.851799928583205,0.0
291,1769118025.840253,0,0,8.977600024081767,0.0
292,1769118025.8700178,0,0,10.486499988473952,0.0
293,1769118025.899264,0,0,9.704200085252523,0.0
294,1769118025.9264085,0,0,10.707300039939582,0.0
295,1769118025.9545217,0,0,9.939399897120893,0.0
296,1769118025.9829347,0,0,10.737700038589537,0.0
297,1769118026.0110013,0,0,10.763099999167025,0.0
298,1769118026.0395265,0,0,9.251800016500056,0.0
299,1769118026.0673878,0,0,9.866700042039156,0.0
300,1769118026.097733,0,0,12.724500033073127,0.0
301,1769118026.1249793,0,0,10.227699996903539,0.0
302,1769118026.1514885,0,0,9.740599896758795,0.0
303,1769118026.1792622,0,0,9.54879994969815,0.0
304,1769118026.2080867,0,0,9.645399986766279,0.0
305,1769118026.2363935,0,0,9.83490003272891,0.0
306,1769118026.263641,0,0,9.57130000460893,0.0
307,1769118026.2922432,0,0,9.445499978028238,0.0
308,1769118026.3192513,0,0,9.155499981716275,0.0
309,1769118026.350418,0,0,9.445699979551136,0.0
310,1769118026.3808508,0,0,9.746699943207204,0.0
311,1769118026.41119,0,0,9.254900040104985,0.0
312,1769118026.4345694,0,0,10.436699958518147,0.0
313,1769118026.464206,0,0,11.334200040437281,0.0
314,1769118026.4921362,0,0,9.550100076012313,0.0
315,1769118026.5190496,0,0,8.959400001913309,0.0
316,1769118026.545645,0,0,9.36980010010302,0.0
317,1769118026.5752752,0,0,10.11650008149445,0.0
318,1769118026.6047378,0,0,10.003100032918155,0.0
319,1769118026.6346161,0,0,12.294200016185641,0.0
320,1769118026.6636145,0,0,11.470300029031932,0.0
321,1769118026.693297,0,0,10.23200002964586,0.0
322,1769118026.7248268,0,0,9.622900048270822,0.0
323,1769118026.7561772,0,0,10.185900027863681,0.0
324,1769118026.7877898,0,0,10.688199894502759,0.0
325,1769118026.8183396,1,1,10.371700045652688,0.0
326,1769118026.851602,2,2,11.871000053361058,0.24090829491615295
327,1769118026.8849208,2,3,15.148799982853234,0.36351799964904785
328,1769118026.9155507,2,4,15.450000064447522,0.4278307557106018
329,1769118026.9476392,2,5,15.098199946805835,0.4278307557106018
330,1769118026.9774837,2,6,13.357600080780685,0.4278307557106018
331,1769118027.0115428,1,6,14.858700102195144,0.49731889367103577
332,1769118027.041699,3,8,15.599600039422512,0.49731889367103577
333,1769118027.0726693,5,9,16.40409999527037,0.5158259868621826
334,1769118027.1019974,4,9,14.670199947431684,3.4896187782287598
335,1769118027.1331482,3,9,15.337100019678473,6.943577766418457
336,1769118027.1639926,4,8,14.601400005631149,6.943577766418457
337,1769118027.195372,2,8,14.893800020217896,10.752102851867676
338,1769118027.2261376,1,8,13.994500041007996,10.752102851867676
339,1769118027.2573488,1,7,14.277599984779954,10.752102851867676
340,1769118027.2875547,2,6,13.351899920962751,10.752102851867676
341,1769118027.3187008,1,5,12.812200002372265,10.752102851867676
342,1769118027.349727,0,4,12.508700019679964,10.752102851867676
343,1769118027.379854,0,3,12.447600020095706,0.5870684385299683
344,1769118027.4105594,0,2,11.149799916893244,0.5870684385299683
345,1769118027.4418094,0,2,11.317500029690564,0.5870684385299683
346,1769118027.472933,0,1,11.568999965675175,0.0
347,1769118027.5037796,0,0,10.475399903953075,0.0
348,1769118027.534297,0,0,9.93259996175766,0.0
349,1769118027.5507653,0,0,9.744300041347742,0.0
350,1769118027.5806115,0,0,9.730900055728853,0.0
351,1769118027.5997405,0,0,11.222200002521276,0.0
352,1769118027.6283987,0,0,9.490100084803998,0.0
353,1769118027.6589677,0,0,10.035800049081445,0.0
354,1769118027.688971,0,0,9.349699947051704,0.0
355,1769118027.7049823,0,0,9.922600002028048,0.0
356,1769118027.7344863,0,0,10.849099955521524,0.0
357,1769118027.762337,0,0,10.481400066055357,0.0
358,1769118027.7923992,0,0,12.474199989810586,0.0
359,1769118027.8209677,0,0,11.0319999512285,0.0
360,1769118027.8471444,0,0,10.030800011008978,0.0
361,1769118027.881225,0,0,12.76710000820458,0.0
362,1769118027.92033,0,0,20.758099970407784,0.0
363,1769118028.0078344,1,1,14.32710001245141,0.0
364,1769118028.036632,1,1,13.16870003938675,0.02988099679350853
365,1769118028.0662625,0,1,11.577599914744496,0.02988099679350853
366,1769118028.095394,0,1,10.616799932904541,0.02988099679350853
367,1769118028.1265798,0,1,10.849299957044423,0.02988099679350853
368,1769118028.158689,0,1,10.583300027064979,0.02988099679350853
369,1769118028.1916718,0,1,11.819800012744963,0.02988099679350853
370,1769118028.2206297,0,0,10.78889996279031,0.0
371,1769118028.2537074,0,0,11.697800015099347,0.0
372,1769118028.283519,0,0,10.804899968206882,0.0
373,1769118028.314386,0,0,11.73740008380264,0.0
374,1769118028.3444152,0,0,10.516699985601008,0.0
375,1769118028.3754156,0,0,10.90899994596839,0.0
376,1769118028.4079418,0,0,11.554699973203242,0.0
377,1769118028.4391515,0,0,11.202699970453978,0.0
378,1769118028.4688709,0,0,10.282899951562285,0.0
379,1769118028.489488,0,0,12.678199913352728,0.0
380,1769118028.5164888,0,0,10.116499965079129,0.0
381,1769118028.5469017,0,0,9.796699974685907,0.0
382,1769118028.577134,0,0,9.680700022727251,0.0
383,1769118028.5947504,0,0,11.08379999641329,0.0
384,1769118028.6254072,0,0,10.123100015334785,0.0
385,1769118028.6553996,0,0,9.204000001773238,0.0
386,1769118028.6713254,0,0,9.861200000159442,0.0
387,1769118028.7013955,0,0,9.239799925126135,0.0
388,1769118028.724263,0,0,9.93709999602288,0.0
389,1769118028.7526069,0,0,9.82310005929321,0.0
390,1769118028.7811341,0,0,9.686100063845515,0.0
391,1769118028.8074665,0,0,8.787100086919963,0.0
392,1769118028.8370907,0,0,9.775000042282045,0.0
393,1769118028.8656297,0,0,9.940700023435056,0.0
394,1769118028.893449,0,0,9.631499997340143,0.0
395,1769118028.9220042,0,0,9.728299919515848,0.0
396,1769118028.9510345,0,0,9.738299995660782,0.0
397,1769118028.9800737,1,1,10.303699993528426,0.0
398,1769118029.0087168,1,2,11.830699979327619,0.0
399,1769118029.0373971,2,3,11.587199987843633,0.35857194662094116
400,1769118029.0654025,2,4,11.578100034967065,0.36351799964904785
401,1769118029.09406,2,5,11.694699991494417,0.4864273965358734
402,1769118029.1246781,3,7,12.048200005665421,0.4864273965358734
403,1769118029.1551702,2,6,11.75230008084327,0.7349753379821777
404,1769118029.1861708,3,8,12.033800012432039,2.3459198474884033
405,1769118029.217845,1,7,11.101500014774501,2.3459198474884033
406,1769118029.248973,0,6,11.635400005616248,2.3459198474884033
407,1769118029.2779741,0,5,10.527600068598986,2.3459198474884033
408,1769118029.2951138,0,4,11.206499999389052,2.3459198474884033
409,1769118029.3256183,0,3,10.252400068566203,2.3459198474884033
410,1769118029.3566146,0,1,9.881800040602684,0.39302313327789307
411,1769118029.3726218,0,0,9.054800029844046,0.0
412,1769118029.401634,0,0,9.362000040709972,0.0
413,1769118029.4292114,0,0,8.642899920232594,0.0
414,1769118029.4582102,0,0,9.243500069715083,0.0
415,1769118029.4867015,0,0,9.598099975846708,0.0
416,1769118029.5152268,0,0,9.239399922080338,0.0
417,1769118029.5443907,0,0,8.87469993904233,0.0
418,1769118029.5713935,0,0,9.566600085236132,0.0
419,1769118029.600729,0,0,10.114199947565794,0.0
420,1769118029.6273801,0,0,9.470000048168004,0.0
421,1769118029.65638,0,0,8.93410004209727,0.0
422,1769118029.6843793,0,0,9.195099934004247,0.0
423,1769118029.7121136,0,0,8.9103999780491,0.0
424,1769118029.740171,0,0,8.805599994957447,0.0
425,1769118029.7683077,0,0,9.338500094600022,0.0
426,1769118029.7965903,0,0,9.103499935008585,0.0
427,1769118029.8259444,0,0,9.104800061322749,0.0
428,1769118029.8533468,0,0,9.150499943643808,0.0
429,1769118029.881942,0,0,9.17560001835227,0.0
430,1769118029.9104667,0,0,10.0349000422284,0.0
431,1769118029.9386601,0,0,9.666900034062564,0.0
432,1769118029.9681756,0,0,11.209700023755431,0.0
433,1769118029.9956439,0,0,9.186699986457825,0.0
434,1769118030.0251575,0,0,9.18589998036623,0.0
435,1769118030.0518136,0,0,9.63769992813468,0.0
436,1769118030.0798075,0,0,9.331400040537119,0.0
437,1769118030.1082299,0,0,9.924000012688339,0.0
438,1769118030.1363153,0,0,8.853500010445714,0.0
439,1769118030.1653159,0,0,8.79930006340146,0.0
440,1769118030.192316,0,0,8.945800014771521,0.0
441,1769118030.2204876,0,0,9.138599969446659,0.0
442,1769118030.2494874,0,0,10.116400080733001,0.0
443,1769118030.276965,0,0,9.137000073678792,0.0
444,1769118030.3079767,0,0,9.33130003977567,0.0
445,1769118030.3341734,0,0,9.73709998652339,0.0
446,1769118030.36169,0,0,9.30910010356456,0.0
447,1769118030.3897107,0,0,8.980900049209595,0.0
448,1769118030.419256,0,0,8.99030000437051,0.0
449,1769118030.4467373,0,0,9.20069997664541,0.0
450,1769118030.4747374,0,0,9.450900019146502,0.0
451,1769118030.5047495,0,0,11.267800000496209,0.0
452,1769118030.5325644,0,0,9.323700098320842,0.0
453,1769118030.5600219,0,0,9.237300022505224,0.0
454,1769118030.588115,0,0,9.327399893663824,0.0
455,1769118030.6166456,0,0,9.56509995739907,0.0
456,1769118030.6463494,0,0,11.21130003593862,0.0
457,1769118030.6713495,0,0,8.575099986046553,0.0
458,1769118030.7006958,0,0,9.026900050230324,0.0
459,1769118030.7292194,0,0,10.143699939362705,0.0
460,1769118030.757224,0,0,9.521099971607327,0.0
461,1769118030.7854009,0,0,9.274399955756962,0.0
462,1769118030.812987,0,0,8.529299986548722,0.0
463,1769118030.841985,0,0,8.995100040920079,0.0
464,1769118030.8726065,0,0,11.40990003477782,0.0
465,1769118030.9008484,0,0,9.811699972487986,0.0
466,1769118030.9277,0,0,9.718200075440109,0.0
467,1769118030.9547083,0,0,9.016299969516695,0.0
468,1769118030.9842863,0,0,10.121300001628697,0.0
469,1769118031.0142488,0,0,10.926700080744922,0.0
470,1769118031.0412488,0,0,9.960499941371381,0.0
471,1769118031.067557,0,0,8.970300084911287,0.0
472,1769118031.0966575,0,0,9.00960003491491,0.0
473,1769118031.1251788,1,1,10.481899953447282,0.0
474,1769118031.155179,2,2,11.389799998141825,0.08964298665523529
475,1769118031.183007,2,3,11.083000106737018,0.2705839276313782
476,1769118031.211018,2,4,11.290199938230217,0.45218151807785034
477,1769118031.239206,2,5,10.464799939654768,0.45218151807785034
478,1769118031.2692072,2,6,13.044099905528128,0.45218151807785034
479,1769118031.2962604,1,7,11.522900080308318,0.45218151807785034
480,1769118031.3238602,1,6,11.003399966284633,6.855932712554932
481,1769118031.351855,1,5,11.406600009649992,0.45218151807785034
482,1769118031.3824594,1,4,10.400800034403801,0.5685247778892517
483,1769118031.4139917,1,4,10.662699933163822,0.5685247778892517
484,1769118031.4459922,1,4,10.491600027307868,0.5685247778892517
485,1769118031.4779935,3,5,11.745200026780367,0.5770978927612305
486,1769118031.5083973,2,5,10.56239998433739,0.5770978927612305
487,1769118031.5403988,0,5,11.273799929767847,0.5770978927612305
488,1769118031.5697892,0,4,10.17440005671233,0.5770978927612305
489,1769118031.601064,0,3,10.008699959143996,0.5770978927612305
490,1769118031.6174035,0,3,10.354599915444851,0.5770978927612305
491,1769118031.6476023,0,2,9.96229995507747,0.17423465847969055
492,1769118031.6640494,0,0,10.099399951286614,0.0
493,1769118031.694482,0,0,9.78020008187741,0.0
494,1769118031.7240143,0,0,9.10460005979985,0.0
495,1769118031.746135,0,0,9.316100040450692,0.0
496,1769118031.7741327,0,0,8.923600078560412,0.0
497,1769118031.8011422,0,0,8.843199932016432,0.0
498,1769118031.8326666,0,0,9.731000056490302,0.0
499,1769118031.8588727,0,0,9.542000014334917,0.0
500,1769118031.8888042,0,0,10.156100033782423,0.0
501,1769118031.915787,0,0,9.495100006461143,0.0
502,1769118031.9435945,0,0,9.41870000679046,0.0
503,1769118031.9752662,0,0,10.775299975648522,0.0
504,1769118032.005338,0,0,9.72980004735291,0.0
505,1769118032.0295646,0,0,9.83909994829446,0.0
506,1769118032.0566487,0,0,9.368599974550307,0.0
507,1769118032.0841897,0,0,8.97399999666959,0.0
508,1769118032.114085,0,0,9.598799981176853,0.0
509,1769118032.1414053,0,0,9.098000009544194,0.0
510,1769118032.169406,0,0,9.376399917528033,0.0
511,1769118032.198413,0,0,9.68959997408092,0.0
512,1769118032.227583,0,0,10.618999949656427,0.0
513,1769118032.2570767,0,0,10.974399978294969,0.0
514,1769118032.2870705,0,0,9.63480002246797,0.0
515,1769118032.3115776,0,0,9.649300016462803,0.0
516,1769118032.3391058,0,0,9.682100033387542,0.0
517,1769118032.3671045,0,0,8.9490000391379,0.0
518,1769118032.3981156,0,0,9.980599978007376,0.0
519,1769118032.4241683,0,0,9.275499964132905,0.0
520,1769118032.45217,0,0,9.640600066632032,0.0
521,1769118032.4796138,0,0,9.17259999550879,0.0
522,1769118032.5096269,0,0,9.700099937617779,0.0
523,1769118032.5366492,0,0,9.167099953629076,0.0
524,1769118032.5656502,0,0,9.690999984741211,0.0
525,1769118032.5926535,0,0,9.092199965380132,0.0
526,1769118032.6211822,0,0,9.40540002193302,0.0
527,1769118032.6509383,0,0,9.848900022916496,0.0
528,1769118032.6783907,0,0,9.536399971693754,0.0
529,1769118032.706401,0,0,9.440099936909974,0.0
530,1769118032.7339149,0,0,8.54439998511225,0.0
531,1769118032.7629137,0,0,9.066500002518296,0.0
532,1769118032.7906933,0,0,8.842100040055811,0.0
533,1769118032.8197029,0,0,9.856199962086976,0.0
534,1769118032.8497689,0,0,11.911200010217726,0.0
535,1769118032.878729,0,0,9.961399948224425,0.0
536,1769118032.905261,0,0,8.951500058174133,0.0
537,1769118032.933784,0,0,10.852999985218048,0.0
538,1769118032.9613163,0,0,10.16219996381551,0.0
539,1769118032.9893978,0,0,10.024999966844916,0.0
540,1769118033.017598,0,0,9.852400049567223,0.0
541,1769118033.046779,0,0,9.447199990972877,0.0
542,1769118033.077422,0,0,9.778600069694221,0.0
543,1769118033.101431,0,0,9.38149995636195,0.0
544,1769118033.1304932,0,0,9.648000006563962,0.0
545,1769118033.1575692,0,0,8.856600034050643,0.0
546,1769118033.1865091,0,0,9.02739993762225,0.0
547,1769118033.2150667,0,0,9.0658999979496,0.0
548,1769118033.2425134,0,0,9.265700005926192,0.0
549,1769118033.2710242,0,0,9.478099993430078,0.0
550,1769118033.2990196,0,0,8.894999977201223,0.0
551,1769118033.329153,0,0,9.038400021381676,0.0
552,1769118033.355426,0,0,9.566799970343709,0.0
553,1769118033.3844259,0,0,9.36690007802099,0.0
554,1769118033.4127436,1,1,10.508900042623281,0.0
555,1769118033.4422657,2,2,10.341199929825962,0.06681594252586365
556,1769118033.4732668,3,4,11.035699979402125,0.06681594252586365
557,1769118033.5053527,5,7,12.7134999493137,0.06681594252586365
558,1769118033.5395622,2,8,13.19820003118366,0.20044781267642975
559,1769118033.5697653,4,11,13.34920001681894,0.29429370164871216
560,1769118033.6010144,3,10,13.511799974367023,0.35981485247612
561,1769118033.634079,2,11,14.079800108447671,0.35981485247612
562,1769118033.6632326,3,12,12.91390007827431,0.35981485247612
563,1769118033.6937072,2,9,12.733299983665347,0.35981485247612
564,1769118033.7248337,2,9,12.72389991208911,0.35981485247612
565,1769118033.7563088,1,8,12.916399980895221,0.35981485247612
566,1769118033.786319,0,6,12.060599983669817,0.2705839276313782
567,1769118033.81622,0,5,10.79339999705553,0.2705839276313782
568,1769118033.8473787,0,3,10.304700001142919,0.2705839276313782
569,1769118033.8805716,0,2,12.457400094717741,0.02988099679350853
570,1769118033.9085932,0,1,10.302099981345236,0.02988099679350853
571,1769118033.926461,0,0,11.702199932187796,0.0
572,1769118033.9568787,0,0,9.354099980555475,0.0
573,1769118033.9871995,0,0,9.422300034202635,0.0
574,1769118034.0089357,0,0,12.559900060296059,0.0
575,1769118034.0343058,0,0,9.401899995282292,0.0
576,1769118034.0632942,0,0,10.592700098641217,0.0
577,1769118034.0904036,0,0,9.903699974529445,0.0
578,1769118034.1189303,0,0,9.501400054432452,0.0
579,1769118034.1469295,0,0,9.348200052045286,0.0
580,1769118034.1749299,0,0,8.754299953579903,0.0
581,1769118034.2034154,0,0,9.598399978131056,0.0
582,1769118034.2316253,0,0,9.623500052839518,0.0
583,1769118034.2607193,0,0,10.221899952739477,0.0
584,1769118034.288044,0,0,9.138099965639412,0.0
585,1769118034.315567,0,0,9.1476000379771,0.0
586,1769118034.3446703,0,0,9.300899924710393,0.0
587,1769118034.372789,0,0,9.471500059589744,0.0
588,1769118034.4011812,0,0,9.381100069731474,0.0
589,1769118034.4287007,0,0,9.475200087763369,0.0
590,1769118034.4578016,0,0,9.434200008399785,0.0
591,1769118034.4858289,0,0,9.244900080375373,0.0
592,1769118034.5144598,0,0,10.386700043454766,0.0
593,1769118034.5432727,0,0,10.090299998410046,0.0
594,1769118034.571699,0,0,10.093400022014976,0.0
595,1769118034.598778,0,0,9.567299974150956,0.0
596,1769118034.6273947,0,0,9.165699942968786,0.0
597,1769118034.6555889,0,0,9.605600032955408,0.0
598,1769118034.683836,0,0,9.604200022295117,0.0
599,1769118034.711849,0,0,10.302399983629584,0.0
600,1769118034.740861,0,0,9.643099969252944,0.0
601,1769118034.7694716,0,0,9.330399916507304,0.0
602,1769118034.7994723,0,0,9.475999977439642,0.0
603,1769118034.825814,0,0,10.42330008931458,0.0
604,1769118034.8541112,0,0,10.447300039231777,0.0
605,1769118034.884026,0,0,11.360800010152161,0.0
606,1769118034.9100318,0,0,9.567600092850626,0.0
607,1769118034.9402614,0,0,9.491299977526069,0.0
608,1769118034.9702623,0,0,9.735199972055852,0.0
609,1769118035.00064,0,0,10.063799913041294,0.0
610,1769118035.022505,0,0,9.317300049588084,0.0
611,1769118035.0505042,0,0,9.175400016829371,0.0
612,1769118035.0777652,0,0,9.022300015203655,0.0
613,1769118035.1075928,0,0,9.414399974048138,0.0
614,1769118035.1357737,0,0,9.803700027987361,0.0
615,1769118035.164225,0,0,9.980900096707046,0.0
616,1769118035.1915781,0,0,9.449300006963313,0.0
617,1769118035.220206,0,0,9.269600035622716,0.0
618,1769118035.2502046,0,0,8.951700059697032,0.0
619,1769118035.2759693,0,0,9.422299917787313,0.0
620,1769118035.3048353,0,0,9.82749997638166,0.0
621,1769118035.3333514,0,0,9.34290001168847,0.0
622,1769118035.361036,0,0,9.677199996076524,0.0
623,1769118035.3894813,0,0,9.228999959304929,0.0
624,1769118035.4183352,0,0,10.272799991071224,0.0
625,1769118035.4465368,0,0,9.56199993379414,0.0
626,1769118035.4745536,0,0,9.503599954769015,0.0
627,1769118035.5025737,0,0,9.651700034737587,0.0
628,1769118035.5327165,0,0,10.133299976587296,0.0
629,1769118035.5590117,0,0,9.160600020550191,0.0
630,1769118035.58724,0,0,9.555099997669458,0.0
631,1769118035.6156425,0,0,9.436200023628771,0.0
632,1769118035.643023,0,0,9.023600025102496,0.0
633,1769118035.6720836,0,0,9.09399997908622,0.0
634,1769118035.7003193,0,0,9.894400020129979,0.0
635,1769118035.7288516,1,1,10.433699935674667,0.0
636,1769118035.7581954,2,2,10.895000072196126,0.08451621979475021
637,1769118035.7873046,1,3,11.623500031419098,0.08451621979475021
638,1769118035.8167517,2,5,10.932300006970763,0.08451621979475021
639,1769118035.8482985,2,6,11.277000070549548,0.1609140932559967
640,1769118035.8807762,2,7,12.11810007225722,0.1609140932559967
641,1769118035.9109056,2,8,12.113200034946203,0.1609140932559967
642,1769118035.9429007,5,10,12.751000002026558,0.1609140932559967
643,1769118035.9771957,2,11,14.691399992443621,0.1609140932559967
644,1769118036.0062118,2,11,12.426899978891015,0.3300464153289795
645,1769118036.0384939,1,10,14.111500000581145,0.3300464153289795
646,1769118036.0664914,1,10,11.70030003413558,0.3300464153289795
647,1769118036.0996032,2,10,12.755299918353558,0.3300464153289795
648,1769118036.128124,1,5,11.118899914436042,0.3300464153289795
649,1769118036.1614132,1,4,12.195899966172874,3.6122987270355225
650,1769118036.1914146,1,3,10.521800024434924,10.901069641113281
651,1769118036.2229364,1,2,11.017599957995117,18.857887268066406
652,1769118036.2531981,1,2,10.747299995273352,24.772750854492188
653,1769118036.2848403,1,1,10.543500073254108,28.12944793701172
654,1769118036.3148477,0,1,10.331599973142147,28.12944793701172
655,1769118036.331553,0,1,9.562000050209463,28.12944793701172
656,1769118036.3615594,0,1,9.601300000213087,28.12944793701172
657,1769118036.3776898,0,1,9.391300030983984,28.12944793701172
658,1769118036.4079611,0,1,9.484900045208633,28.12944793701172
659,1769118036.4343905,0,0,9.426400065422058,0.0
660,1769118036.4628992,0,0,9.454599930904806,0.0
661,1769118036.49126,0,0,9.480500011704862,0.0
662,1769118036.518664,0,0,9.127400000579655,0.0
663,1769118036.5489411,0,0,9.363500052131712,0.0
664,1769118036.5779421,0,0,9.038400021381676,0.0
665,1769118036.6042743,0,0,9.929500054568052,0.0
666,1769118036.6318982,0,0,8.961699903011322,0.0
667,1769118036.6598756,0,0,8.823400014080107,0.0
668,1769118036.6880407,0,0,8.574500097893178,0.0
669,1769118036.716046,0,0,8.904599933885038,0.0
670,1769118036.7457113,0,0,9.796999976970255,0.0
671,1769118036.7731702,0,0,9.401599992997944,0.0
672,1769118036.8011684,0,0,9.05710004735738,0.0
673,1769118036.8308127,0,0,9.020600002259016,0.0
674,1769118036.8585684,0,0,10.316499974578619,0.0
675,1769118036.887555,0,0,10.490200016647577,0.0
676,1769118036.9153051,0,0,10.227699996903539,0.0
677,1769118036.9442697,0,0,10.694599943235517,0.0
678,1769118036.9702692,0,0,9.246299974620342,0.0
679,1769118036.9994373,0,0,9.08370001707226,0.0
680,1769118037.027897,0,0,9.637099923565984,0.0
681,1769118037.0559711,0,0,9.570099995471537,0.0
682,1769118037.0843334,0,0,9.750999975949526,0.0
683,1769118037.113061,0,0,10.126999928615987,0.0
684,1769118037.1405942,0,0,8.763300022110343,0.0
685,1769118037.1686175,0,0,9.657800081185997,0.0
686,1769118037.197602,0,0,9.771700017154217,0.0
687,1769118037.2255456,0,0,10.039100074209273,0.0
688,1769118037.2527268,0,0,9.261199971660972,0.0
689,1769118037.2819114,0,0,9.547800058498979,0.0
690,1769118037.3109114,0,0,10.369400028139353,0.0
691,1769118037.3383906,0,0,9.864300023764372,0.0
692,1769118037.366239,0,0,9.4277000753209,0.0
693,1769118037.394251,0,0,9.019399993121624,0.0
694,1769118037.4220648,0,0,8.474899921566248,0.0
695,1769118037.4513717,0,0,9.051300003193319,0.0
696,1769118037.4795566,0,0,9.449400007724762,0.0
697,1769118037.507923,0,0,9.573499904945493,0.0
698,1769118037.5357969,0,0,9.426199947483838,0.0
699,1769118037.5642054,0,0,8.73529992531985,0.0
700,1769118037.5923886,0,0,9.275300079025328,0.0
701,1769118037.6203492,0,0,9.02440003119409,0.0
702,1769118037.6487157,0,0,8.846600074321032,0.0
703,1769118037.67717,0,0,9.474000078625977,0.0
704,1769118037.7041678,0,0,9.189400007016957,0.0
705,1769118037.7340522,0,0,9.555500000715256,0.0
706,1769118037.761688,0,0,9.381199954077601,0.0
707,1769118037.7890337,0,0,8.97140009328723,0.0
708,1769118037.818041,0,0,8.936499943956733,0.0
709,1769118037.846337,0,0,9.133300045505166,0.0
710,1769118037.8757622,0,0,9.451600024476647,0.0
711,1769118037.905241,0,0,9.430899983271956,0.0
712,1769118037.9327738,0,0,10.307400021702051,0.0
713,1769118037.9587831,0,0,9.116299916058779,0.0
714,1769118037.9888551,0,0,10.488000116311014,0.0
715,1769118038.01513,0,0,8.890700060874224,0.0
716,1769118038.0438898,0,0,9.303800063207746,0.0
717,1769118038.0718918,0,0,9.26149997394532,0.0
718,1769118038.1004376,0,0,9.11780004389584,0.0
719,1769118038.1290286,0,0,10.02439996227622,0.0
720,1769118038.1567924,0,0,8.84220004081726,0.0
721,1769118038.1856813,0,0,8.906799950636923,0.0
722,1769118038.2133782,0,0,9.342200006358325,0.0
723,1769118038.2423134,0,0,9.174499893561006,0.0
724,1769118038.2698014,0,0,9.283200022764504,0.0
725,1769118038.297265,0,0,8.5831000469625,0.0
726,1769118038.3260167,0,0,8.745500002987683,0.0
727,1769118038.355648,0,0,9.262399980798364,0.0
728,1769118038.383899,0,0,10.147700086236,0.0
729,1769118038.4140599,0,0,10.887900018133223,0.0
730,1769118038.4401104,0,0,9.39159991685301,0.0
731,1769118038.4681194,0,0,9.468800039030612,0.0
732,1769118038.4977717,0,0,9.815099998377264,0.0
733,1769118038.5252328,0,0,9.53699997626245,0.0
734,1769118038.5549061,0,0,10.82770002540201,0.0
735,1769118038.5820189,0,0,9.485900052823126,0.0
736,1769118038.6083229,0,0,8.956899982877076,0.0
737,1769118038.6375284,0,0,9.389900020323694,0.0
738,1769118038.6659727,0,0,9.35060007032007,0.0
739,1769118038.6940262,0,0,10.013999999500811,0.0
740,1769118038.7224643,0,0,10.157499928027391,0.0
741,1769118038.7516758,0,0,9.944699937477708,0.0
742,1769118038.7791202,0,0,9.452000027522445,0.0
743,1769118038.8083496,0,0,8.889699936844409,0.0
744,1769118038.835641,0,0,9.993900079280138,0.0
745,1769118038.8650763,0,0,11.090700048953295,0.0
746,1769118038.8940158,0,0,10.726600070483983,0.0
747,1769118038.920428,0,0,9.835600038059056,0.0
748,1769118038.9475427,0,0,9.372300002723932,0.0
749,1769118038.9772997,0,0,10.156000033020973,0.0
750,1769118039.0065334,0,0,10.570400045253336,0.0
751,1769118039.0336611,0,0,10.65140007995069,0.0
752,1769118039.062087,0,0,10.261000017635524,0.0
753,1769118039.0904684,0,0,10.127700050361454,0.0
754,1769118039.1189075,0,0,9.308200096711516,0.0
755,1769118039.1468806,0,0,10.107800015248358,0.0
756,1769118039.1765375,0,0,10.256599984131753,0.0
757,1769118039.203903,0,0,11.042300029657781,0.0
758,1769118039.2309127,0,0,9.36680007725954,0.0
759,1769118039.2601929,0,0,10.557600064203143,0.0
760,1769118039.2897851,0,0,9.532099938951433,0.0
761,1769118039.3165426,0,0,10.677700047381222,0.0
762,1769118039.34389,0,0,9.36509994789958,0.0
763,1769118039.3708913,0,0,9.241099935024977,0.0
764,1769118039.4002209,0,0,9.272099938243628,0.0
765,1769118039.4277544,0,0,9.292899980209768,0.0
766,1769118039.456554,0,0,9.487499948590994,0.0
767,1769118039.4855537,0,0,10.246400022879243,0.0
768,1769118039.5138664,0,0,9.994299965910614,0.0
769,1769118039.5419846,0,0,9.551500086672604,0.0
770,1769118039.5689833,0,0,9.117799927480519,0.0
771,1769118039.5969827,0,0,9.316100040450692,0.0
772,1769118039.6270494,0,0,10.934900026768446,0.0
773,1769118039.6570501,0,0,9.731700061820447,0.0
774,1769118039.6844034,0,0,9.747799951583147,0.0
775,1769118039.710422,0,0,9.351999964565039,0.0
776,1769118039.7389302,0,0,9.680100018158555,0.0
777,1769118039.76693,0,0,10.235799942165613,0.0
778,1769118039.7975507,2,2,11.082699988037348,0.0
779,1769118039.8270755,3,4,12.074499973095953,0.17928597331047058
780,1769118039.8601146,3,5,13.741600094363093,0.21753694117069244
781,1769118039.888721,2,6,11.81000005453825,0.36351799964904785
782,1769118039.922545,4,9,13.898700010031462,0.36351799964904785
783,1769118039.9544342,5,10,13.697699992917478,0.4818165898323059
784,1769118039.9876597,3,9,15.237300074659288,3.2507095336914062
785,1769118040.016056,1,8,11.59789995290339,3.2507095336914062
786,1769118040.0486083,0,6,12.458399985916913,3.2507095336914062
787,1769118040.0769677,0,5,10.693600052036345,3.2507095336914062
788,1769118040.1094296,0,4,10.13130007777363,3.2507095336914062
789,1769118040.139709,0,3,10.167200001887977,3.2507095336914062
790,1769118040.1704519,0,1,10.29280002694577,0.0
791,1769118040.200961,0,0,9.706199984066188,0.0
792,1769118040.2301447,0,0,9.14149999152869,0.0
793,1769118040.2474601,0,0,9.464499889872968,0.0
794,1769118040.2757523,0,0,9.54760005697608,0.0
795,1769118040.3049366,0,0,10.091400006785989,0.0
796,1769118040.33315,0,0,9.953900007531047,0.0
797,1769118040.3617406,0,0,10.213600005954504,0.0
798,1769118040.3888714,0,0,9.378500049933791,0.0
799,1769118040.415931,0,0,9.198199957609177,0.0
800,1769118040.4457538,0,0,9.95049998164177,0.0
801,1769118040.4730842,0,0,9.78139997459948,0.0
802,1769118040.503273,0,0,10.870700003579259,0.0
803,1769118040.5308633,0,0,9.627799969166517,0.0
804,1769118040.559208,0,0,9.466399904340506,0.0
805,1769118040.58608,0,0,9.398300084285438,0.0
806,1769118040.6146224,0,0,9.681100025773048,0.0
807,1769118040.64282,0,0,10.066700051538646,0.0
808,1769118040.6708214,0,0,9.374299901537597,0.0
809,1769118040.700335,0,0,8.88510001823306,0.0
810,1769118040.7277942,0,0,9.566600085236132,0.0
811,1769118040.7566953,0,0,11.013200040906668,0.0
812,1769118040.7858875,0,0,10.610400000587106,0.0
813,1769118040.8119047,0,0,9.288899949751794,0.0
814,1769118040.841038,0,0,9.314000024460256,0.0
815,1769118040.8690012,0,0,10.999400052241981,0.0
816,1769118040.8992064,0,0,10.097900056280196,0.0
817,1769118040.9272172,0,0,11.021299986168742,0.0
818,1769118040.9558432,0,0,9.816000005230308,0.0
819,1769118040.9840326,0,0,10.303999995812774,0.0
820,1769118041.0147963,0,0,9.700599941425025,0.0
821,1769118041.045585,0,0,10.602900059893727,0.0
822,1769118041.0751932,0,0,9.254600037820637,0.0
823,1769118041.094194,0,0,9.177999920211732,0.0
824,1769118041.1242385,0,0,9.971400024369359,0.0
825,1769118041.15424,0,0,9.54760005697608,0.0
826,1769118041.1797605,0,0,10.089899995364249,0.0
827,1769118041.2087524,0,0,10.103399981744587,0.0
828,1769118041.2363737,0,0,9.438199922442436,0.0
829,1769118041.2643852,0,0,9.133099927566946,0.0
830,1769118041.2950516,0,0,9.34310001321137,0.0
831,1769118041.325662,0,0,9.334799950011075,0.0
832,1769118041.3577187,0,0,10.608999989926815,0.0
833,1769118041.3859336,0,0,9.317200048826635,0.0
834,1769118041.4064977,0,0,10.899299988523126,0.0
835,1769118041.4342532,0,0,9.701199945993721,0.0
836,1769118041.4647295,0,0,9.874399984255433,0.0
837,1769118041.49113,0,0,10.01880003605038,0.0
838,1769118041.5181406,0,0,9.761999943293631,0.0
839,1769118041.5466547,0,0,9.15479997638613,0.0
840,1769118041.575118,0,0,9.132100036367774,0.0
841,1769118041.6036346,0,0,9.570299996994436,0.0
842,1769118041.632179,0,0,9.7818000940606,0.0
843,1769118041.6586208,0,0,9.013900067657232,0.0
844,1769118041.68697,0,0,9.099399903789163,0.0
845,1769118041.7164636,0,0,9.05549991875887,0.0
846,1769118041.7441654,0,0,9.367399965412915,0.0
847,1769118041.7731369,0,0,9.905499988235533,0.0
848,1769118041.8006997,0,0,9.989900048822165,0.0
849,1769118041.8300173,0,0,9.587800013832748,0.0
850,1769118041.859487,0,0,10.115199955180287,0.0
851,1769118041.8894727,0,0,10.544899967499077,0.0
852,1769118041.9197035,0,0,9.93549998383969,0.0
853,1769118041.9415102,0,0,9.838199941441417,0.0
854,1769118041.972312,0,0,10.788099956698716,0.0
855,1769118042.0003095,0,0,9.973499923944473,0.0
856,1769118042.029677,0,0,9.902199963107705,0.0
857,1769118042.0591846,0,0,9.407000034116209,0.0
858,1769118042.0841846,0,0,10.36529999691993,0.0
859,1769118042.112986,0,0,9.994000080041587,0.0
860,1769118042.1393206,0,0,8.896599989384413,0.0
861,1769118042.1676066,0,0,9.146499913185835,0.0
862,1769118042.1960094,0,0,9.110799990594387,0.0
863,1769118042.2243865,0,0,9.761899942532182,0.0
864,1769118042.2530994,0,0,9.696399909444153,0.0
865,1769118042.2801025,0,0,9.160200017504394,0.0
866,1769118042.3106894,0,0,9.15040005929768,0.0
867,1769118042.3376985,0,0,9.447199990972877,0.0
868,1769118042.3649025,0,0,9.407800040207803,0.0
869,1769118042.394666,0,0,10.047000017948449,0.0
870,1769118042.4242427,0,0,10.260800016112626,0.0
871,1769118042.4512775,0,0,9.922900004312396,0.0
872,1769118042.4794269,0,0,9.940600022673607,0.0
873,1769118042.5083487,0,0,9.936399990692735,0.0
874,1769118042.536252,0,0,10.008799959905446,0.0
875,1769118042.5639603,0,0,10.124700027517974,0.0
876,1769118042.5919619,0,0,9.475199971348047,0.0
877,1769118042.6197364,0,0,9.405600023455918,0.0
878,1769118042.6480021,0,0,10.136199998669326,0.0
879,1769118042.6759975,0,0,9.249199996702373,0.0
880,1769118042.7049925,0,0,10.055099963210523,0.0
881,1769118042.7343307,0,0,10.00519993249327,0.0
882,1769118042.7626326,0,0,9.311700006946921,0.0
883,1769118042.7896361,0,0,9.103800053708255,0.0
884,1769118042.8168368,0,0,9.42150002811104,0.0
885,1769118042.8479965,0,0,11.61409995984286,0.0
886,1769118042.8774593,0,0,10.716799995861948,0.0
887,1769118042.903598,0,0,9.93259996175766,0.0
888,1769118042.9307537,0,0,9.27190005313605,0.0
889,1769118042.959235,0,0,10.07640000898391,0.0
890,1769118042.9875014,0,0,9.745600051246583,0.0
891,1769118043.0167847,0,0,10.457399999722838,0.0
892,1769118043.0435991,0,0,9.328600019216537,0.0
893,1769118043.071744,0,0,9.32980002835393,0.0
894,1769118043.1001458,0,0,9.976199944503605,0.0
895,1769118043.1288035,0,0,9.64820000808686,0.0
896,1769118043.1575844,0,0,9.823400061577559,0.0
897,1769118043.1846976,0,0,9.18160006403923,0.0
898,1769118043.2145813,0,0,9.657299960963428,0.0
899,1769118043.2435203,0,0,11.3045999314636,0.0
900,1769118043.2710705,0,0,9.893800015561283,0.0
901,1769118043.2982225,0,0,9.934899979270995,0.0
902,1769118043.3260748,0,0,8.84240004234016,0.0
903,1769118043.3556807,0,0,9.56059992313385,0.0
904,1769118043.3856769,0,0,9.436200023628771,0.0
905,1769118043.411066,0,0,9.95330000296235,0.0
906,1769118043.4396987,0,0,9.917599963955581,0.0
907,1769118043.4679675,0,0,9.431300102733076,0.0
908,1769118043.4950292,0,0,9.152899961918592,0.0
909,1769118043.5256824,0,0,9.948699967935681,0.0
910,1769118043.5521889,0,0,9.67520009726286,0.0
911,1769118043.5802147,0,0,9.6228999318555,0.0
912,1769118043.6082292,0,0,9.119299938902259,0.0
913,1769118043.6360247,0,0,9.245899971574545,0.0
914,1769118043.6655548,0,0,9.405900025740266,0.0
915,1769118043.69574,0,0,9.32529999408871,0.0
916,1769118043.7220173,0,0,9.810799965634942,0.0
917,1769118043.7510598,0,0,10.899199987761676,0.0
918,1769118043.778059,0,0,9.300699923187494,0.0
919,1769118043.806595,0,0,8.763000019825995,0.0
920,1769118043.83401,0,0,9.779599960893393,0.0
921,1769118043.864495,0,0,11.63970003835857,0.0
922,1769118043.8936079,0,0,9.9611000623554,0.0
923,1769118043.919619,0,0,9.24669997766614,0.0
924,1769118043.9476545,0,0,9.333500056527555,0.0
925,1769118043.977345,0,0,11.0437999246642,0.0
926,1769118044.0068312,0,0,9.777500061318278,0.0
927,1769118044.0334098,0,0,10.546999983489513,0.0
928,1769118044.0594091,0,0,8.807300007902086,0.0
929,1769118044.0887463,0,0,9.295800002291799,0.0
930,1769118044.1171513,0,0,9.543500025756657,0.0
931,1769118044.1450658,0,0,9.588700020685792,0.0
932,1769118044.173538,0,0,9.789700037799776,0.0
933,1769118044.2015395,0,0,9.77989996317774,0.0
934,1769118044.230272,0,0,9.710000013001263,0.0
935,1769118044.2620347,0,0,10.427700006403029,0.0
936,1769118044.291199,0,0,9.10610007122159,0.0
937,1769118044.3142302,0,0,9.696300025098026,0.0
938,1769118044.3419285,0,0,9.220500010997057,0.0
939,1769118044.3707883,0,0,8.898000000044703,0.0
940,1769118044.399791,0,0,9.718400076963007,0.0
941,1769118044.42756,0,0,9.794200072064996,0.0
942,1769118044.4552312,0,0,9.503899957053363,0.0
943,1769118044.4839292,0,0,9.268100024200976,0.0
944,1769118044.5119472,0,0,9.034399990923703,0.0
945,1769118044.5409238,0,0,9.50020004529506,0.0
946,1769118044.5682504,0,0,9.332000045105815,0.0
947,1769118044.5973125,0,0,9.703799965791404,0.0
948,1769118044.6244986,0,0,9.469800046645105,0.0
949,1769118044.6530833,0,0,9.04069992247969,0.0
950,1769118044.6811843,0,0,9.00670001283288,0.0
951,1769118044.7098382,0,0,9.47800010908395,0.0
952,1769118044.7380886,0,0,9.233799995854497,0.0
953,1769118044.7675283,0,0,10.34449995495379,0.0
954,1769118044.7944512,0,0,9.416899993084371,0.0
955,1769118044.8225448,0,0,8.72380007058382,0.0
956,1769118044.852517,0,0,9.622700046747923,0.0
957,1769118044.8822522,0,0,9.615399991162121,0.0
958,1769118044.9072664,0,0,9.696100023575127,0.0
959,1769118044.9375198,0,0,11.006299988366663,0.0
960,1769118044.966232,0,0,10.6498000677675,0.0
961,1769118044.992804,0,0,8.923000073991716,0.0
962,1769118045.0201955,0,0,9.071999927982688,0.0
963,1769118045.0489705,0,0,9.697700035758317,0.0
964,1769118045.0771282,0,0,9.504699963144958,0.0
965,1769118045.1065645,0,0,9.886399959214032,0.0
966,1769118045.1331265,0,0,8.802499971352518,0.0
967,1769118045.160314,0,0,8.810000028461218,0.0
968,1769118045.189586,0,0,9.77239990606904,0.0
969,1769118045.218628,0,0,9.51660005375743,0.0
970,1769118045.246848,0,0,9.971600025892258,0.0
971,1769118045.2748573,0,0,9.078199975192547,0.0
972,1769118045.3038564,0,0,8.971100091002882,0.0
973,1769118045.3325372,0,0,10.765200015157461,0.0
974,1769118045.3603606,0,0,9.693800006061792,0.0
975,1769118045.3877802,0,0,9.969400009140372,0.0
976,1769118045.4168098,0,0,9.645200101658702,0.0
977,1769118045.4434009,0,0,8.829700062051415,0.0
978,1769118045.4718866,0,0,8.740799967199564,0.0
979,1769118045.5008676,0,0,9.233599994331598,0.0
980,1769118045.5312853,0,0,11.350899934768677,0.0
981,1769118045.5584483,0,0,9.53399995341897,0.0
982,1769118045.5844436,0,0,8.930299896746874,0.0
983,1769118045.6134546,0,0,9.33549995534122,0.0
984,1769118045.641766,0,0,9.510899893939495,0.0
985,1769118045.670561,0,0,9.495100006461143,0.0
986,1769118045.6977801,0,0,9.143700008280575,0.0
987,1769118045.7257879,0,0,8.906999952159822,0.0
988,1769118045.755246,0,0,9.526200010441244,0.0
989,1769118045.7832448,0,0,9.776000049896538,0.0
990,1769118045.8116355,0,0,9.27040004171431,0.0
991,1769118045.8394036,0,0,8.854400017298758,0.0
992,1769118045.8702192,0,0,10.211599990725517,0.0
993,1769118045.899266,0,0,9.665800025686622,0.0
994,1769118045.930172,0,0,9.497800027020276,0.0
995,1769118045.9544039,0,0,10.893300059251487,0.0
996,1769118045.9826858,0,0,9.48080001398921,0.0
997,1769118046.010081,0,0,10.010099969804287,0.0
998,1769118046.0385072,0,0,9.625100065022707,0.0
999,1769118046.0675068,0,0,8.90729995444417,0.0
