frame,time,vision_latency_ms,pipeline_latency_ms,ndet,ntrack,temp,cooldown,suppressed
0,1776029970.0409129,29.065441000057035, 0.29782499996144907,0,0,27.8,0.0,0
1,1776029970.1003864,31.630188999770326, 0.315573000079894,0,0,27.8,0.0,0
2,1776029970.116937,14.819571999851178, 0.21949900019535562,0,0,27.8,0.0,0
3,1776029970.1300883,11.370029999852704, 0.19458999986454728,0,0,27.8,0.0,0
4,1776029970.1920443,22.325063000153023, 0.2982659998451709,1,1,27.8,0.0,0
5,1776029970.2110047,17.14124299996911, 0.21560899995165528,2,2,27.8,0.0,0
6,1776029970.49449,16.213173999858554, 260.07732400012173,1,1,27.8,0.0,0
8,1776029970.497989,0.21558299977186834, 0.30256100035330746,0,1,27.8,0.0,1
9,1776029970.515943,0.2080670001305407, 0.3135530000690778,0,1,27.8,0.0,1
10,1776029970.5466506,0.1973469998119981, 0.326182000208064,0,1,27.8,0.0,1
11,1776029970.5762203,1.8868520000978606, 0.30396600004678476,0,0,27.8,0.0,1
12,1776029970.6084692,0.03526499995132326, 0.2742900001067028,0,0,27.8,0.0,1
13,1776029970.6341298,0.045126000259188004, 0.336686000082409,0,0,27.8,0.0,1
14,1776029970.6641357,0.043960999846603954, 0.34336199996687355,0,0,27.8,0.0,1
15,1776029970.6934822,0.04415900002641138, 0.35966700033895904,0,0,27.8,0.0,1
16,1776029970.7233913,0.044937999973626575, 0.3606529999160557,0,0,27.8,0.0,1
17,1776029970.7534494,0.04452799976206734, 0.3600589998313808,0,0,27.8,0.0,1
18,1776029970.782838,0.04896099972029333, 0.31314600028053974,0,0,27.8,0.0,1
19,1776029970.8123233,0.04750000016429112, 0.35666199983097613,0,0,27.8,0.0,1
20,1776029970.8418736,0.046348999603651464, 0.3223680000701279,0,0,27.8,0.0,1
21,1776029970.8718407,0.05407600019680103, 0.3419429999667045,0,0,27.8,0.0,1
22,1776029970.901487,0.04587400007949327, 0.36346199976833304,0,0,27.8,0.0,1
23,1776029970.931347,0.041898999825207284, 0.3400119999241724,0,0,27.8,0.0,1
24,1776029970.9609253,0.04386099999464932, 0.34319499991397606,0,0,27.8,0.0,1
25,1776029970.9911132,0.043541999730223324, 0.3739929998118896,0,0,27.8,0.0,1
26,1776029971.020388,0.04705499986812356, 0.3619170001911698,0,0,27.8,0.0,1
27,1776029971.0504322,0.04651299968827516, 0.3935099998670921,0,0,27.8,0.0,1
28,1776029971.0798116,0.05479900028149132, 0.3554149998308276,0,0,27.8,0.0,1
29,1776029971.1103556,0.04168899977230467, 0.3281070003140485,0,0,27.8,0.0,1
30,1776029971.140889,0.042436999592609936, 0.29550899989772006,0,0,27.8,0.0,1
31,1776029971.1691475,0.043727000047510955, 0.34701000004133675,0,0,27.8,0.0,1
32,1776029971.1988971,0.05283699965730193, 0.34336799990342115,0,0,27.8,0.0,1
33,1776029971.2285132,0.04275799983588513, 0.3578230002858618,0,0,27.8,0.0,1
34,1776029971.2583084,0.043136999920534436, 0.3447010003583273,0,0,27.8,0.0,1
35,1776029971.2880821,0.04360999992059078, 0.33699000005071866,0,0,27.8,0.0,1
36,1776029971.3175287,0.04508299980443553, 0.347204999798123,0,0,27.8,0.0,1
37,1776029971.3479366,0.040656000237504486, 0.3168309999637131,0,0,27.8,0.0,1
38,1776029971.377459,0.041169000269292155, 0.3621790001488989,0,0,27.8,0.0,1
39,1776029971.4070175,0.04402000013215002, 0.3408330003367155,0,0,27.8,0.0,1
40,1776029971.4364555,0.042252999719494255, 0.3501510000205599,0,0,27.8,0.0,1
41,1776029971.4663024,0.04387499984659371, 0.3451879997555807,0,0,27.8,0.0,1
41,1776029971.5246308,29.005182999753742, 0.24313700032507768,0,0,27.8,0.0,0
42,1776029971.5464427,17.6316649999535, 0.22932299998501549,0,0,27.8,0.0,0
43,1776029971.5782008,20.201975999952992, 0.20498599997154088,0,0,27.8,0.0,0
44,1776029971.6027162,17.436252999686985, 0.22632499985775212,0,0,27.8,0.0,0
45,1776029971.6354094,19.76372499984791, 0.2160349999940081,0,0,27.8,0.0,0
46,1776029971.66569,19.837764000385505, 0.23322199967878987,0,0,27.8,0.0,0
47,1776029971.6938078,18.869704000280763, 0.2219179996245657,0,0,27.8,0.0,0
48,1776029971.7207143,18.054527999993297, 0.20642100025725085,0,0,27.8,0.0,0
49,1776029971.755432,20.233578999977908, 0.23504999990109354,0,0,27.8,0.0,0
50,1776029971.7828045,19.072770000093442, 0.22255599969867035,0,0,27.8,0.0,0
51,1776029971.8133028,19.868556999881548, 0.2044739999291778,0,0,27.8,0.0,0
52,1776029971.8409252,19.23388300019724, 0.19693900003403542,0,0,27.8,0.0,0
53,1776029971.8739772,20.22528700035764, 0.3013750001628068,0,0,27.8,0.0,0
54,1776029971.9027183,19.57552100020621, 0.2105139997183869,0,0,27.8,0.0,0
55,1776029971.9321709,19.535871000243787, 0.20383800028866972,0,0,27.8,0.0,0
56,1776029971.9627743,19.9608090001675, 0.30938600002627936,0,0,27.8,0.0,0
57,1776029971.9917564,19.667978000143194, 0.31476699996346724,0,0,27.8,0.0,0
58,1776029972.0180423,17.91534899984981, 0.20194500029901974,0,0,27.8,0.0,0
59,1776029972.0519512,19.288884999696165, 0.2137959995707206,0,0,27.8,0.0,0
60,1776029972.0813663,20.179440999982035, 0.21263300004648045,0,0,27.8,0.0,0
61,1776029972.1080866,18.704396999964956, 0.20316500012995675,0,0,27.8,0.0,0
62,1776029972.1383016,19.408042999657482, 0.20653799992942368,0,0,27.8,0.0,0
63,1776029972.1691542,19.668433000333607, 0.21741600039604236,0,0,27.8,0.0,0
64,1776029972.200235,20.25087899983191, 0.3253649997532193,0,0,27.8,0.0,0
65,1776029972.2292228,19.368091000160348, 0.24646500014569028,0,0,27.8,0.0,0
66,1776029972.2593265,19.71398399973623, 0.20357199991849484,0,0,27.8,0.0,0
67,1776029972.2898965,19.930066000142688, 0.2214829996773915,0,0,27.8,0.0,0
68,1776029972.3175738,18.143165999845223, 0.24445799999739393,0,0,27.8,0.0,0
69,1776029972.347407,19.56257799974992, 0.22142699981486658,0,0,27.8,0.0,0
70,1776029972.3753858,18.645617999936803, 0.2706729997044022,0,0,27.8,0.0,0
71,1776029972.4062736,19.200328000351874, 0.21009300007790443,0,0,27.8,0.0,0
72,1776029972.4370024,19.346843999755947, 0.21291599978212616,0,0,27.8,0.0,0
73,1776029972.4669042,19.466550999823085, 0.22297000032267533,0,0,27.8,0.0,0
74,1776029972.4972785,19.736509999802365, 0.2117190001627023,0,0,27.8,0.0,0
75,1776029972.5261307,19.036027999845828, 0.2124820002791239,0,0,27.8,0.0,0
76,1776029972.5559165,19.490563000090333, 0.248077999913221,0,0,27.8,0.0,0
77,1776029972.585335,19.11993200019424, 0.20335499993962003,0,0,27.8,0.0,0
78,1776029972.6154304,19.785855000009178, 0.22752599988962174,0,0,27.8,0.0,0
79,1776029972.6429088,18.027143999916007, 0.2399270001660625,0,0,27.8,0.0,0
80,1776029972.6755779,19.8601150000286, 0.2271960001962725,0,0,27.8,0.0,0
81,1776029972.7048528,19.898457000181224, 0.30003600022610044,0,0,27.8,0.0,0
82,1776029972.735198,21.834164000210876, 0.22036800010027946,0,0,27.8,0.0,0
83,1776029972.7601702,17.684572999769443, 0.20655099979194347,0,0,27.8,0.0,0
84,1776029972.79183,19.662086000153067, 0.2591950001260557,0,0,27.8,0.0,0
85,1776029972.822523,19.370806000097218, 0.2359539998906257,0,0,27.8,0.0,0
86,1776029972.8502755,18.78396900019652, 0.22374800028046593,0,0,27.8,0.0,0
87,1776029972.8799696,18.72589100003097, 0.21229799995126086,0,0,27.8,0.0,0
88,1776029972.91375,20.915854000122636, 0.26364699988334905,0,0,27.8,0.0,0
89,1776029972.944468,19.54784200006543, 0.22260100013227202,0,0,27.8,0.0,0
90,1776029972.9709637,18.327291999867157, 0.20672899972851155,0,0,27.8,0.0,0
91,1776029973.0033906,21.196301999680145, 0.23648100022910512,0,0,27.8,0.0,0
92,1776029973.0262716,16.76734500006205, 0.2034889998867584,0,0,27.8,0.0,0
93,1776029973.0615647,20.58460099988224, 0.22623399991061888,0,0,27.8,0.0,0
94,1776029973.0895016,19.55469099993934, 0.21863300025870558,0,0,27.8,0.0,0
95,1776029973.1193304,19.679479999922478, 0.20512900027824799,0,0,27.8,0.0,0
96,1776029973.1499126,19.84702199979438, 0.2086090003103891,0,0,27.8,0.0,0
97,1776029973.181586,19.8827170002005, 0.25962299969251035,0,0,27.8,0.0,0
98,1776029973.2099116,19.11137300021437, 0.21668199997293414,0,0,27.8,0.0,0
99,1776029973.2372599,18.541007999829162, 0.20589299992934684,0,0,27.8,0.0,0
100,1776029973.2718544,21.7459699997562, 0.3258759998061578,0,0,27.8,0.0,0
101,1776029973.2949605,17.34722299988789, 0.22020000005795737,0,0,27.8,0.0,0
102,1776029973.3280816,19.144186000175978, 0.215866999951686,0,0,27.8,0.0,0
103,1776029973.3594146,20.354423000298993, 0.22274200000538258,0,0,27.8,0.0,0
104,1776029973.3873394,18.715404999966267, 0.20460900032048812,0,0,27.8,0.0,0
105,1776029973.417501,19.33870599987131, 0.22246600019570906,0,0,27.8,0.0,0
106,1776029973.4485052,19.885165999767196, 0.23452599998563528,0,0,27.8,0.0,0
107,1776029973.4776077,19.568689000152517, 0.2131589999407879,0,0,27.8,0.0,0
108,1776029973.5036895,17.818225000155508, 0.20078800025657983,0,0,27.8,0.0,0
109,1776029973.53809,19.761287000164884, 0.2159600003324158,0,0,27.8,0.0,0
110,1776029973.5636415,18.37749900005292, 0.19985800008726073,0,0,27.8,0.0,0
111,1776029973.5965214,19.485696000174357, 0.22290200013230788,0,0,27.8,0.0,0
112,1776029973.6268878,20.10805000008986, 0.22066300016376772,0,0,27.8,0.0,0
113,1776029973.6562533,19.898216999990836, 0.20463099963308196,0,0,27.8,0.0,0
114,1776029973.6814356,17.42616799992902, 0.22767000018575345,0,0,27.8,0.0,0
115,1776029973.7156394,19.95008699987011, 0.20593099998222897,0,0,27.8,0.0,0
116,1776029973.7446983,18.920263999916642, 0.320648000069923,0,0,27.8,0.0,0
117,1776029973.780069,20.74463300004936, 0.21933299967713538,0,0,27.8,0.0,0
118,1776029973.8029377,16.81750700026896, 0.2619900001263886,0,0,27.8,0.0,0
119,1776029973.8338296,18.02506500007439, 0.3382139998393541,0,0,27.8,0.0,0
120,1776029973.8646085,21.244845000182977, 0.2540280001994688,0,0,27.8,0.0,0
121,1776029973.8885605,17.168155000035767, 0.23879500031398493,0,0,27.8,0.0,0
122,1776029973.9216106,19.849456999963877, 0.2669350001269777,0,0,27.8,0.0,0
123,1776029973.9503918,18.590648000099463, 0.22205200002645142,0,0,27.8,0.0,0
124,1776029973.97964,18.790888999774324, 0.19987599989690352,0,0,27.8,0.0,0
125,1776029974.010428,19.092476999958308, 0.22523999996337807,0,0,27.8,0.0,0
126,1776029974.0402594,18.995272999745794, 0.20839699982388993,0,0,27.8,0.0,0
127,1776029974.069812,18.81577099993592, 0.20507199997155112,0,0,27.8,0.0,0
128,1776029974.0970147,17.423938999854727, 0.2033119999396149,0,0,27.8,0.0,0
129,1776029974.1293113,19.222916000217083, 0.21966000031170552,0,0,27.8,0.0,0
130,1776029974.1599867,19.75859899994248, 0.21454399984577321,0,0,27.8,0.0,0
131,1776029974.185365,16.581337999923562, 0.22087000024839654,0,0,27.8,0.0,0
132,1776029974.2201397,19.99792600008732, 0.22491700019600103,0,0,27.8,0.0,0
133,1776029974.2454343,17.409754999789584, 0.2563050002208911,0,0,27.8,0.0,0
134,1776029974.2804852,19.585258999995858, 0.22738600000593578,0,0,27.8,0.0,0
135,1776029974.305218,16.936070999690855, 0.20780300019396236,0,0,27.8,0.0,0
136,1776029974.3374794,19.36205499987409, 0.2291330001753522,0,0,27.8,0.0,0
137,1776029974.3697624,19.54213500039259, 0.23826400001780712,0,0,27.8,0.0,0
138,1776029974.3930812,16.592366000168113, 0.20987600009902962,0,0,27.8,0.0,0
139,1776029974.4257298,18.583559000035166, 0.22026600026947563,0,0,27.8,0.0,0
140,1776029974.45469,18.721934000041074, 0.2138510003533156,0,0,27.8,0.0,0
141,1776029974.4864323,19.41587700002856, 0.21741399996244581,0,0,27.8,0.0,0
142,1776029974.515614,19.383658999686304, 0.21766000008938136,0,0,27.8,0.0,0
143,1776029974.543652,18.055017999813572, 0.2144860000043991,0,0,27.8,0.0,0
144,1776029974.573772,18.50168000009944, 0.21497499983524904,0,0,27.8,0.0,0
145,1776029974.6317694,21.0875800003123, 0.2739350002229912,0,0,27.8,0.0,0
146,1776029974.6460085,12.44935600016106, 0.2652969997143373,0,0,27.8,0.0,0
147,1776029974.659855,12.028027000269503, 0.22574800004804274,0,0,27.8,0.0,0
148,1776029974.69275,18.397971000013058, 0.21546399966609897,0,0,27.8,0.0,0
149,1776029974.725719,18.52000600001702, 0.21454199986692402,1,1,27.8,0.0,0
150,1776029974.7497702,16.698191000159568, 0.21789899983559735,0,1,27.8,0.0,0
151,1776029975.0401838,19.743156999993516, 257.48130200008745,0,1,27.8,0.0,0
153,1776029975.049741,0.22497400004795054, 0.3134630001113692,0,1,27.8,0.0,1
154,1776029975.0637267,1.727978999952029, 0.3242930001761124,0,0,27.8,0.0,1
155,1776029975.0957315,0.03393199995116447, 0.2654849999998987,0,0,27.8,0.0,1
156,1776029975.1214077,0.044614000216824934, 0.35642000011648634,0,0,27.8,0.0,1
157,1776029975.1513162,0.04534600020633661, 0.3463879997980257,0,0,27.8,0.0,1
158,1776029975.1806958,0.04514300007940619, 0.36167600001135725,0,0,27.8,0.0,1
159,1776029975.2106442,0.04236700033288798, 0.35627099987323163,0,0,27.8,0.0,1
160,1776029975.2406218,0.04429199998412514, 0.357934000021487,0,0,27.8,0.0,1
161,1776029975.2703757,0.041031000364455394, 0.3295269998488948,0,0,27.8,0.0,1
162,1776029975.2995193,0.04423299969857908, 0.36304300010669976,0,0,27.8,0.0,1
163,1776029975.32945,0.043786999867734266, 0.35735000028580544,0,0,27.8,0.0,1
164,1776029975.3591099,0.050258000101166544, 0.35165899998901295,0,0,27.8,0.0,1
165,1776029975.3887348,0.042690000100265024, 0.38349199985532323,0,0,27.8,0.0,1
166,1776029975.4184525,0.04214000000501983, 0.3528619999997318,0,0,27.8,0.0,1
167,1776029975.4482148,0.0452109998150263, 0.3397979999135714,0,0,27.8,0.0,1
168,1776029975.4782298,0.04985200030205306, 0.34831600032703136,0,0,27.8,0.0,1
169,1776029975.508111,0.04821499987883726, 0.3613700000641984,0,0,27.8,0.0,1
170,1776029975.5374246,0.04480300003706361, 0.35166799989383435,0,0,27.8,0.0,1
171,1776029975.5672889,0.04654600024878164, 0.3688340002554469,0,0,27.8,0.0,1
172,1776029975.5984063,0.038668999877700116, 0.31377799996334943,0,0,27.8,0.0,1
173,1776029975.6266224,0.04276900017430307, 0.3619899998739129,0,0,27.8,0.0,1
174,1776029975.6564956,0.04306599976189318, 0.36404299999048817,0,0,27.8,0.0,1
175,1776029975.6859117,0.04366900020613684, 0.33811699995567324,0,0,27.8,0.0,1
176,1776029975.7157786,0.041541999962646514, 0.34656900015761494,0,0,27.8,0.0,1
177,1776029975.745621,0.04449100015335716, 0.35601100034909905,0,0,27.8,0.0,1
178,1776029975.7753794,0.04280799976186245, 0.36113399983150885,0,0,27.8,0.0,1
179,1776029975.804867,0.04776500009029405, 0.34253500007253024,0,0,27.8,0.0,1
180,1776029975.835686,0.04814199974134681, 0.3790109999499691,0,0,27.8,0.0,1
181,1776029975.8651292,0.04767700011143461, 0.3271229998063063,0,0,27.8,0.0,1
182,1776029975.8943353,0.04468599991014344, 0.34450200018909527,0,0,27.8,0.0,1
183,1776029975.923743,0.061669999922742136, 0.3482500001155131,0,0,27.8,0.0,1
184,1776029975.9535959,0.045138000132283196, 0.3573230001165939,0,0,27.8,0.0,1
185,1776029975.9833481,0.044424999941838905, 0.34128399965993594,0,0,27.8,0.0,1
186,1776029976.012908,0.046053999994910555, 0.3365799998391594,0,0,27.8,0.0,1
186,1776029976.0742257,31.661690999953862, 0.2880919996641751,0,0,27.8,0.0,0
187,1776029976.0906487,14.691086999846448, 0.21691599977202713,0,0,27.8,0.0,0
188,1776029976.1219585,19.504435999806446, 0.23493099979532417,0,0,27.8,0.0,0
189,1776029976.1517913,19.34998699971402, 0.20483499974943697,0,0,27.8,0.0,0
190,1776029976.1813397,19.570397999814304, 0.2133409998350544,0,0,27.8,0.0,0
191,1776029976.2123291,19.034556999940833, 0.20876400003544404,0,0,27.8,0.0,0
192,1776029976.239196,18.677391999972315, 0.2060969995909545,0,0,27.8,0.0,0
193,1776029976.270112,20.346380999853864, 0.29391599991868134,0,0,27.8,0.0,0
194,1776029976.3021705,20.38882399983777, 0.2174219998778426,0,0,27.8,0.0,0
195,1776029976.33037,19.84080600004745, 0.28318199974819436,0,0,27.8,0.0,0
196,1776029976.3573542,18.594474000110495, 0.21367099998315098,0,0,27.8,0.0,0
197,1776029976.3886254,20.057468000231893, 0.28096200003346894,0,0,27.8,0.0,0
198,1776029976.4210763,20.8703489997788, 0.31405299978359835,0,0,27.8,0.0,0
199,1776029976.4485607,18.9577740002278, 0.2220080000370217,0,0,27.8,0.0,0
200,1776029976.4799268,19.953605999944557, 0.2647100000103819,0,0,27.8,0.0,0
201,1776029976.5082276,18.306016999758867, 0.21747799974036752,0,0,27.8,0.0,0
202,1776029976.537307,18.99245599997812, 0.21064700013084803,0,0,27.8,0.0,0
203,1776029976.5673451,19.955362000018795, 0.21900999990975833,0,0,27.8,0.0,0
204,1776029976.5989392,20.23755500022162, 0.23813600000721635,0,0,27.8,0.0,0
205,1776029976.6285844,19.981969999662397, 0.1969709996956226,0,0,27.8,0.0,0
206,1776029976.657722,19.377420999717287, 0.2517309999348072,0,0,27.8,0.0,0
207,1776029976.688347,20.02879900010157, 0.29573399979199166,0,0,27.8,0.0,0
208,1776029976.716051,19.1498170001978, 0.2217999999629683,0,0,27.8,0.0,0
209,1776029976.7432992,18.360644999575015, 0.20648700001402176,0,0,27.8,0.0,0
210,1776029976.7776155,20.20357099991088, 0.25971500008381554,0,0,27.8,0.0,0
211,1776029976.8051019,19.05761000034545, 0.2352760002395371,0,0,27.8,0.0,0
212,1776029976.8374248,21.559974999945553, 0.21578300038527232,0,0,27.8,0.0,0
213,1776029976.865103,19.008014000064577, 0.29833500002496294,0,0,27.8,0.0,0
214,1776029976.8935084,18.82281799998964, 0.22281199971985188,0,0,27.8,0.0,0
215,1776029976.9243665,19.999504999759665, 0.24471599999742466,0,0,27.8,0.0,0
216,1776029976.9563487,20.374034000269603, 0.21119399980307207,0,0,27.8,0.0,0
217,1776029976.9839485,18.777128999772685, 0.27172899990546284,0,0,27.8,0.0,0
218,1776029977.014296,19.795470999724785, 0.2782829997158842,0,0,27.8,0.0,0
219,1776029977.0435164,19.236093000017718, 0.21736099961344735,0,0,27.8,0.0,0
220,1776029977.0732481,19.520817999818973, 0.21741299997302121,0,0,27.8,0.0,0
221,1776029977.1036842,18.9450160000888, 0.23625299991181237,0,0,27.8,0.0,0
222,1776029977.1463094,20.966079000118043, 0.24082900017674547,0,0,27.8,0.0,0
223,1776029977.1623023,14.181915999870398, 0.2171900000575988,0,0,27.8,0.0,0
224,1776029977.1902864,18.321244999697228, 0.20550699991872534,0,0,27.8,0.0,0
225,1776029977.222583,20.167512000170973, 0.2561890000833955,0,0,27.8,0.0,0
226,1776029977.251181,19.416787999944063, 0.2168719997825974,0,0,27.8,0.0,0
227,1776029977.2822826,20.32974599978843, 0.21429300022646203,0,0,27.8,0.0,0
228,1776029977.3096206,18.233099000099173, 0.21743700017395895,0,0,27.8,0.0,0
229,1776029977.3397825,19.477679999909014, 0.22193199993125745,0,0,27.8,0.0,0
230,1776029977.370525,19.60148400030448, 0.21903399965594872,0,0,27.8,0.0,0
231,1776029977.3987517,17.959218999749282, 0.20734799954880145,0,0,27.8,0.0,0
232,1776029977.4306822,20.530564000182494, 0.234321000334603,0,0,27.8,0.0,0
233,1776029977.4608138,20.64474299959329, 0.25494800001979456,6,6,27.8,0.0,0
234,1776029977.4888897,19.24969300034718, 0.26307999996788567,0,0,27.8,0.0,0
235,1776029977.5205343,20.635772999867186, 0.26614399985191994,8,8,27.8,0.0,0
236,1776029977.5488384,19.6057190000829, 0.2591750003375637,1,9,27.8,0.0,0
237,1776029977.834052,18.47617400017043, 258.8505039998381,1,5,27.8,0.0,0
239,1776029977.8386724,0.22593199992115842, 0.1721650000945374,0,5,27.8,0.0,1
240,1776029977.856012,0.4488469999159861, 0.40072899992082966,0,0,27.8,0.0,1
241,1776029977.885339,0.03909900033249869, 0.3205119996891881,0,0,27.8,0.0,1
242,1776029977.9167128,1.7168840004160302, 0.3371099996911653,0,0,27.8,0.0,1
243,1776029977.9488142,0.036061000173504, 0.26216299966108636,0,0,27.8,0.0,1
244,1776029977.9758852,0.04004699985671323, 0.3160629999001685,0,0,27.8,0.0,1
245,1776029978.0041428,0.04572199986796477, 0.32725600021876744,0,0,27.8,0.0,1
246,1776029978.033721,0.06112300025051809, 0.3380929997547355,0,0,27.8,0.0,1
247,1776029978.0634243,0.04596700000547571, 0.35779500012722565,0,0,27.8,0.0,1
248,1776029978.0928566,0.04541399994195672, 0.33634500005064183,0,0,27.8,0.0,1
249,1776029978.1229117,0.043864999952347716, 0.3569559999050398,0,0,27.8,0.0,1
250,1776029978.1527066,0.04403000002639601, 0.36570200018104515,0,0,27.8,0.0,1
251,1776029978.1822484,0.04913600014333497, 0.3559410001798824,0,0,27.8,0.0,1
252,1776029978.21216,0.04503999980443041, 0.3283310002188955,0,0,27.8,0.0,1
253,1776029978.2422705,0.04699400005847565, 0.3196739999111742,0,0,27.8,0.0,1
254,1776029978.2713456,0.04907299990009051, 0.33847100030470756,0,0,27.8,0.0,1
255,1776029978.300764,0.06662100031462614, 0.3451839997978823,0,0,27.8,0.0,1
256,1776029978.3308215,0.04778199991051224, 0.3581179998946027,0,0,27.8,0.0,1
257,1776029978.3605957,0.04389400010040845, 0.3630890000749787,0,0,27.8,0.0,1
258,1776029978.390455,0.043031000132032204, 0.3585049998946488,0,0,27.8,0.0,1
259,1776029978.419871,0.04383099985716399, 0.3423349999138736,0,0,27.8,0.0,1
260,1776029978.449689,0.04365800032246625, 0.36264900018068147,0,0,27.8,0.0,1
261,1776029978.4798956,0.04311400016376865, 0.343788999998651,0,0,27.8,0.0,1
262,1776029978.5089242,0.046285999815154355, 0.345561999893107,0,0,27.8,0.0,1
263,1776029978.5386796,0.044053999772586394, 0.3550420001374732,0,0,27.8,0.0,1
264,1776029978.5700603,0.039694999941275455, 0.2312470001015754,0,0,27.8,0.0,1
265,1776029978.5982764,0.04675700029110885, 0.3531979996296286,0,0,27.8,0.0,1
266,1776029978.6278186,0.046225999994931044, 0.33659400014585117,0,0,27.8,0.0,1
267,1776029978.657878,0.04631000001609209, 0.36747200010722736,0,0,27.8,0.0,1
268,1776029978.6875994,0.04296099996281555, 0.35385800038056914,0,0,27.8,0.0,1
269,1776029978.717139,0.04246399976182147, 0.3434390000620624,0,0,27.8,0.0,1
270,1776029978.7467868,0.04612800012182561, 0.33329300003970275,0,0,27.8,0.0,1
271,1776029978.7766619,0.04487200021685567, 0.3624229998422379,0,0,27.8,0.0,1
272,1776029978.8069763,0.04370800024844357, 0.3410530002838641,0,0,27.8,0.0,1
272,1776029978.868249,30.851973999688198, 0.31372299963550176,0,0,27.8,0.0,0
273,1776029978.8849,14.846872999896732, 0.21722400015278254,0,0,27.8,0.0,0
274,1776029978.9151378,19.30814699971961, 0.2297569999427651,0,0,27.8,0.0,0
275,1776029978.9468193,21.1791980000271, 0.21722300016335794,0,0,27.8,0.0,0
276,1776029978.975073,18.87782599987986, 0.30384600040633813,0,0,27.8,0.0,0
277,1776029979.0073082,20.765257999755704, 0.21579399981419556,0,0,27.8,0.0,0
278,1776029979.0289714,16.125489999922138, 0.2474470002198359,0,0,27.8,0.0,0
279,1776029979.064851,20.406218000061926, 0.2099830003317038,0,0,27.8,0.0,0
280,1776029979.093776,19.544946000223717, 0.20845499966526404,0,0,27.8,0.0,0
281,1776029979.123695,19.669969999995374, 0.2601279998089012,0,0,27.8,0.0,0
282,1776029979.1539154,20.18759000020509, 0.24012499989112257,0,0,27.8,0.0,0
283,1776029979.1800995,17.570246000104817, 0.20666199998231605,0,0,27.8,0.0,0
284,1776029979.212735,19.660255999951914, 0.26729100000011385,0,0,27.8,0.0,0
285,1776029979.2436557,20.48530899992329, 0.2697319996514125,0,0,27.8,0.0,0
286,1776029979.2701437,19.590631000028225, 0.21782500016342965,0,0,27.8,0.0,0
287,1776029979.302561,19.923936999930447, 0.23561499983770773,0,0,27.8,0.0,0
288,1776029979.3324535,19.82610899995052, 0.23353099959422252,0,0,27.8,0.0,0
289,1776029979.3620021,19.78444499991383, 0.2277700000377081,0,0,27.8,0.0,0
290,1776029979.3908613,19.21254199987743, 0.2096769999297976,0,0,27.8,0.0,0
291,1776029979.418162,18.58058900006654, 0.23952099991220166,0,0,27.8,0.0,0
292,1776029979.451417,19.745376999708242, 0.21876500022699474,0,0,27.8,0.0,0
293,1776029979.4808455,18.93541900017226, 0.2157510002689378,0,0,27.8,0.0,0
294,1776029979.5097828,19.338646000051085, 0.2046519998657459,0,0,27.8,0.0,0
295,1776029979.537297,19.05978500008132, 0.20068399999217945,0,0,27.8,0.0,0
296,1776029979.5700312,20.161134999852948, 0.22578500011150027,0,0,27.8,0.0,0
297,1776029979.5992174,19.40281000042887, 0.21517400000448106,0,0,27.8,0.0,0
298,1776029979.6279054,19.14433199999621, 0.21091700000397395,0,0,27.8,0.0,0
299,1776029979.6592832,20.098309000331938, 0.21419599988803384,0,0,27.8,0.0,0
300,1776029979.6872246,18.62324500007162, 0.2126089998455427,0,0,27.8,0.0,0
301,1776029979.7182412,20.23690300029557, 0.22734100002708146,0,0,27.8,0.0,0
302,1776029979.7465646,18.877824999890436, 0.21862399989913683,0,0,27.8,0.0,0
303,1776029979.7766972,19.576271999994788, 0.24256699998659315,0,0,27.8,0.0,0
304,1776029979.8055944,19.5874390001336, 0.2401460001237865,0,0,27.8,0.0,0
305,1776029979.8383234,20.518608999736898, 0.312150999889127,0,0,27.8,0.0,0
306,1776029979.8681576,20.964147000086086, 0.22658699981548125,0,0,27.8,0.0,0
307,1776029979.8937323,18.302556999969966, 0.2104569998664374,0,0,27.8,0.0,0
308,1776029979.924311,18.351703000007547, 0.22492499965665047,0,0,27.8,0.0,0
309,1776029979.9538586,19.182397999884415, 0.2156400000785652,0,0,27.8,0.0,0
310,1776029979.983925,19.319233000260283, 0.2100120000250172,0,0,27.8,0.0,0
311,1776029980.0137181,18.88018799991187, 0.2148070002476743,0,0,27.8,0.0,0
312,1776029980.0428393,18.433054000070115, 0.2133839998350595,0,0,27.8,0.0,0
313,1776029980.0727825,18.488466999770026, 0.21286199989845045,0,0,27.8,0.0,0
314,1776029980.1027966,19.234776999837777, 0.2088310002363869,0,0,27.8,0.0,0
315,1776029980.1321754,18.82040500004223, 0.21765400015283376,0,0,27.8,0.0,0
316,1776029980.1622531,19.251236999934918, 0.21710500004701316,0,0,27.8,0.0,0
317,1776029980.1907606,17.954910999833373, 0.2233909999631578,0,0,27.8,0.0,0
318,1776029980.2236884,19.60156499990262, 0.22321400001601432,0,0,27.8,0.0,0
319,1776029980.2498672,17.926300999988598, 0.24967900026240386,0,0,27.8,0.0,0
320,1776029980.2833512,21.265851999942242, 0.2807189998748072,0,0,27.8,0.0,0
321,1776029980.3138828,20.612156999959552, 0.20413999982338282,0,0,27.8,0.0,0
322,1776029980.3416822,19.37375499983318, 0.21941099976174883,0,0,27.8,0.0,0
323,1776029980.3700855,17.864002999885997, 0.20407600004546111,0,0,27.8,0.0,0
324,1776029980.4013393,19.64373999999225, 0.22949499998503597,0,0,27.8,0.0,0
325,1776029980.430778,20.813085000099818, 0.2162079999834532,0,0,27.8,0.0,0
326,1776029980.4574325,17.983017999995354, 0.21428299987746868,0,0,27.8,0.0,0
327,1776029980.4902864,19.82532000010906, 0.2468410002620658,0,0,27.8,0.0,0
328,1776029980.5198767,19.35002500022165, 0.2081259999613394,0,0,27.8,0.0,0
329,1776029980.5503101,19.87710799994602, 0.21295999977155589,0,0,27.8,0.0,0
330,1776029980.5798535,19.756657000016276, 0.20257599999240483,0,0,27.8,0.0,0
331,1776029980.6100168,19.691056000283425, 0.20389400015119463,0,0,27.8,0.0,0
332,1776029980.6386821,18.83773099962127, 0.2047960001618776,0,0,27.8,0.0,0
333,1776029980.6665404,18.960894999963784, 0.2201309998781653,0,0,27.8,0.0,0
334,1776029980.6986337,19.803050000064104, 0.3701520004142367,0,0,27.8,0.0,0
335,1776029980.7283487,19.23994499975379, 0.21080499982417678,0,0,27.8,0.0,0
336,1776029980.7578583,19.74834800012104, 0.20870799971817178,0,0,27.8,0.0,0
337,1776029980.7856188,19.13790499975221, 0.21962699975119904,0,0,27.8,0.0,0
338,1776029980.8179765,19.741865000014513, 0.2121739998983685,0,0,27.8,0.0,0
339,1776029980.8490424,21.261219000280107, 0.21573499998339685,0,0,27.8,0.0,0
340,1776029980.877705,19.386154000130773, 0.2564009996604,0,0,27.8,0.0,0
341,1776029980.904123,17.724268000165466, 0.2070229998025752,0,0,27.8,0.0,0
342,1776029980.9361207,19.448600000032457, 0.21055899969724123,0,0,27.8,0.0,0
343,1776029980.9667084,19.240002000060485, 0.22838000040792394,0,0,27.8,0.0,0
344,1776029980.9953105,19.0745899999456, 0.21939299995210604,0,0,27.8,0.0,0
345,1776029981.0248795,19.285574999685196, 0.20516599988695816,0,0,27.8,0.0,0
346,1776029981.0553029,19.535466999968776, 0.2293120001013449,0,0,27.8,0.0,0
347,1776029981.0848885,19.817891999991843, 0.22707000016453094,0,0,27.8,0.0,0
348,1776029981.1153648,20.137468000029912, 0.22404599985748064,0,0,27.8,0.0,0
349,1776029981.144025,19.269233000159147, 0.28460000021368614,0,0,27.8,0.0,0
350,1776029981.1748965,19.806061000053887, 0.21610600015264936,0,0,27.8,0.0,0
351,1776029981.1990702,17.24286699982258, 0.20470700019359356,0,0,27.8,0.0,0
352,1776029981.234316,20.10472799975105, 0.23841100028221263,0,0,27.8,0.0,0
353,1776029981.2634513,18.92477899991718, 0.23562199976367992,0,0,27.8,0.0,0
354,1776029981.2915294,19.174060000295867, 0.2247120000902214,0,0,27.8,0.0,0
355,1776029981.3238852,20.822041999963403, 0.2237839998997515,0,0,27.8,0.0,0
356,1776029981.3524067,19.137461999889638, 0.23143899989008787,0,0,27.8,0.0,0
357,1776029981.3818266,19.57492099973024, 0.2113979999194271,0,0,27.8,0.0,0
358,1776029981.4123268,20.13773399994534, 0.2138869999726012,0,0,27.8,0.0,0
359,1776029981.4409332,19.12110000012035, 0.20266399997126427,0,0,27.8,0.0,0
360,1776029981.4710307,18.924777999927755, 0.22165100017446093,0,0,27.8,0.0,0
361,1776029981.5009027,19.431238999914058, 0.20552700016196468,0,0,27.8,0.0,0
362,1776029981.530499,19.23932399995465, 0.2239430000372522,0,0,27.8,0.0,0
363,1776029981.5576942,18.422520000058284, 0.2786880004350678,0,0,27.8,0.0,0
364,1776029981.5921607,20.87180599983185, 0.23273199985851534,0,0,27.8,0.0,0
365,1776029981.6193447,19.386664999728964, 0.2741180001066823,0,0,27.8,0.0,0
366,1776029981.6492946,19.990100999621063, 0.2547570002207067,0,0,27.8,0.0,0
367,1776029981.6799247,20.003686999643833, 0.2847739997378085,0,0,27.8,0.0,0
368,1776029981.7082806,19.08877100004247, 0.22660900003756979,0,0,27.8,0.0,0
369,1776029981.7378705,19.07843800017872, 0.204033000045456,0,0,27.8,0.0,0
370,1776029981.7683227,19.718916999863723, 0.22913499969945406,0,0,27.8,0.0,0
371,1776029981.7995572,20.418933000200923, 0.23659199996473035,0,0,27.8,0.0,0
372,1776029981.8271542,18.978324999807228, 0.2029429997492116,0,0,27.8,0.0,0
373,1776029981.8576226,18.960599999900296, 0.2553940003053867,0,0,27.8,0.0,0
374,1776029981.8873863,19.34841599995707, 0.2309080000486574,0,0,27.8,0.0,0
375,1776029981.9177177,19.985058999736793, 0.23349999992205994,0,0,27.8,0.0,0
376,1776029981.9442992,19.031725999866467, 0.20741900016219006,0,0,27.8,0.0,0
377,1776029981.975122,19.867075000092882, 0.21263200005705585,0,0,27.8,0.0,0
378,1776029982.0049603,19.487585999740986, 0.20770499986610957,0,0,27.8,0.0,0
379,1776029982.0370069,20.481047999965085, 0.2179779999096354,0,0,27.8,0.0,0
380,1776029982.0621462,17.71996900015438, 0.20557099969664705,0,0,27.8,0.0,0
381,1776029982.0960102,20.30133600010231, 0.21275900007822202,0,0,27.8,0.0,0
382,1776029982.1223698,18.31495900023583, 0.21053000000392785,0,0,27.8,0.0,0
383,1776029982.1559746,19.677969999975176, 0.2035509996858309,0,0,27.8,0.0,0
384,1776029982.1837506,18.985600000178238, 0.20343700043667923,0,0,27.8,0.0,0
385,1776029982.2151031,20.136825000008685, 0.2065230000880547,0,0,27.8,0.0,0
386,1776029982.2434704,18.86437599978308, 0.2650230003382603,0,0,27.8,0.0,0
387,1776029982.2743962,20.350437999695714, 0.23219400009111268,0,0,27.8,0.0,0
388,1776029982.3039558,19.8761269998613, 0.23411799975292524,0,0,27.8,0.0,0
389,1776029982.3333163,19.70676100017954, 0.2618329999677371,0,0,27.8,0.0,0
390,1776029982.359695,18.271727999945142, 0.23607000002812129,0,0,27.8,0.0,0
391,1776029982.3924398,19.364579000011872, 0.24455099992337637,0,0,27.8,0.0,0
392,1776029982.4226646,19.628717999694345, 0.26282799990440253,0,0,27.8,0.0,0
393,1776029982.4481385,17.864356000245607, 0.20422499983396847,0,0,27.8,0.0,0
394,1776029982.4816306,20.04284699978598, 0.22939600012250594,0,0,27.8,0.0,0
395,1776029982.512684,20.260226000118564, 0.22964899972066632,0,0,27.8,0.0,0
396,1776029982.539766,18.59315499996228, 0.20353800027805846,0,0,27.8,0.0,0
397,1776029982.5698965,19.40688200011209, 0.2027059999818448,0,0,27.8,0.0,0
398,1776029982.6013434,20.132112999817764, 0.23507500009145588,0,0,27.8,0.0,0
399,1776029982.6284041,18.946613000025536, 0.21307099996192846,0,0,27.8,0.0,0
400,1776029982.6600235,19.43951300017943, 0.24655300012454973,0,0,27.8,0.0,0
401,1776029982.6899579,20.226743999955943, 0.2928909998445306,0,0,27.8,0.0,0
402,1776029982.7208898,20.686863999799243, 0.22506899995278218,0,0,27.8,0.0,0
403,1776029982.745744,16.751212000144733, 0.2158130000680103,0,0,27.8,0.0,0
404,1776029982.7771418,19.056221000028017, 0.3073299999414303,0,0,27.8,0.0,0
405,1776029982.8067112,19.06701300003988, 0.21441399985633325,0,0,27.8,0.0,0
406,1776029982.83713,19.797171999925922, 0.21026200010965113,0,0,27.8,0.0,0
407,1776029982.8664417,18.983299999945302, 0.22962299999562674,0,0,27.8,0.0,0
408,1776029982.895614,18.628454999998212, 0.21383600005719927,0,0,27.8,0.0,0
409,1776029982.9254355,19.285209999907238, 0.21839999999428983,0,0,27.8,0.0,0
410,1776029982.956037,19.414202000007208, 0.21007700024711085,0,0,27.8,0.0,0
411,1776029982.9844043,18.63056599995616, 0.22631299998465693,0,0,27.8,0.0,0
412,1776029983.0164587,19.57915699995283, 0.21446799974000896,0,0,27.8,0.0,0
413,1776029983.0428948,16.469181000047683, 0.20834800034208456,0,0,27.8,0.0,0
414,1776029983.0749218,19.396020999920438, 0.2160330000151589,0,0,27.8,0.0,0
415,1776029983.1034808,18.69627499991111, 0.23029499971016776,0,0,27.8,0.0,0
416,1776029983.1322882,18.988753000030556, 0.211777999993501,0,0,27.8,0.0,0
417,1776029983.1641347,19.64378900038355, 0.2081210000142164,0,0,27.8,0.0,0
418,1776029983.1924012,18.396777000361908, 0.2314540001862042,0,0,27.8,0.0,0
419,1776029983.2227314,18.512206000195874, 0.21538200007853447,0,0,27.8,0.0,0
420,1776029983.251478,18.24248399998396, 0.23361400008070632,0,0,27.8,0.0,0
421,1776029983.28271,18.844580000404676, 0.21514499985642033,0,0,27.8,0.0,0
422,1776029983.311898,18.544359999850712, 0.21495800001503085,0,0,27.8,0.0,0
423,1776029983.3409371,18.59488699983558, 0.20939799969710293,0,0,27.8,0.0,0
424,1776029983.3713727,19.2944290001833, 0.23966300022948417,0,0,27.8,0.0,0
425,1776029983.4014425,19.03856899980383, 0.21730900016336818,0,0,27.8,0.0,0
426,1776029983.4308052,18.58513800016226, 0.23671999997532112,0,0,27.8,0.0,0
427,1776029983.4597056,18.529951000346045, 0.21129600008862326,0,0,27.8,0.0,0
428,1776029983.4908335,19.48227399998359, 0.23376799981633667,0,0,27.8,0.0,0
429,1776029983.5210218,19.860458000039216, 0.27729500015993835,0,0,27.8,0.0,0
430,1776029983.5523105,20.387583999763592, 0.21386099979281425,0,0,27.8,0.0,0
431,1776029983.5811658,19.147969000187004, 0.20636300041587674,0,0,27.8,0.0,0
432,1776029983.611347,19.86089499996524, 0.22575000002689194,0,0,27.8,0.0,0
433,1776029983.6399934,18.49919400001454, 0.20588899997164845,0,0,27.8,0.0,0
434,1776029983.6700304,19.44290400024329, 0.2092100003210362,0,0,27.8,0.0,0
435,1776029983.7002234,19.642473999738286, 0.20565000022543245,0,0,27.8,0.0,0
436,1776029983.7311158,20.75424100030432, 0.21282499983499292,0,0,27.8,0.0,0
437,1776029983.755507,17.42576500009818, 0.21684300008928403,0,0,27.8,0.0,0
438,1776029983.7896917,19.776800999807165, 0.2849150000656664,0,0,27.8,0.0,0
439,1776029983.819235,19.734031000098184, 0.20934000031047617,0,0,27.8,0.0,0
440,1776029983.8502514,20.675279999977647, 0.22522600011143368,0,0,27.8,0.0,0
441,1776029983.8777165,18.789751999975124, 0.254263999977411,0,0,27.8,0.0,0
442,1776029983.908192,19.186757000170473, 0.20621799967557308,0,0,27.8,0.0,0
443,1776029983.9371362,17.969905999962066, 0.20296399998187553,0,0,27.8,0.0,0
444,1776029983.9659743,18.66076799979055, 0.20847600035267533,0,0,27.8,0.0,0
445,1776029983.9985764,19.838463999803935, 0.22782099995311,0,0,27.8,0.0,0
446,1776029984.0269217,19.118775999686477, 0.2124129996445845,0,0,27.8,0.0,0
447,1776029984.0564091,19.673316999615054, 0.24217600002884865,0,0,27.8,0.0,0
448,1776029984.0839746,19.188548999863997, 0.2044150000983791,0,0,27.8,0.0,0
449,1776029984.1171508,19.90111799977967, 0.21205099983490072,0,0,27.8,0.0,0
450,1776029984.1429076,18.123772999842913, 0.20113199980187346,0,0,27.8,0.0,0
451,1776029984.1760776,20.213507000335085, 0.26996299993697903,0,0,27.8,0.0,0
452,1776029984.2041526,18.491327999981877, 0.20302999973864644,0,0,27.8,0.0,0
453,1776029984.2347894,19.890438999937032, 0.26616099967213813,0,0,27.8,0.0,0
454,1776029984.2621524,18.82864699973652, 0.20796800026801066,0,0,27.8,0.0,0
455,1776029984.2956905,20.659916999647976, 0.33408699982828693,0,0,27.8,0.0,0
456,1776029984.3243115,19.260193999798503, 0.20500699974945746,0,0,27.8,0.0,0
457,1776029984.3546968,20.323287999872264, 0.254701999892859,0,0,27.8,0.0,0
458,1776029984.3824713,18.923029000234237, 0.22377000004780712,0,0,27.8,0.0,0
459,1776029984.4151232,21.214257999872643, 0.2218619997620408,0,0,27.8,0.0,0
460,1776029984.4401112,18.323715000406082, 0.2093870002681797,0,0,27.8,0.0,0
461,1776029984.471083,19.56095000014102, 0.21163500014154124,0,0,27.8,0.0,0
462,1776029984.502277,19.57392499980415, 0.20588200004567625,0,0,27.8,0.0,0
463,1776029984.5334618,19.253789000231336, 0.23269800021807896,0,0,27.8,0.0,0
464,1776029984.560291,18.36390200014648, 0.20432800010894425,0,0,27.8,0.0,0
465,1776029984.5906713,19.73983399966528, 0.24755200001891353,0,0,27.8,0.0,0
466,1776029984.6213238,20.105743999920378, 0.22361299988915562,0,0,27.8,0.0,0
467,1776029984.6511538,19.849135999720602, 0.21453199997267802,0,0,27.8,0.0,0
468,1776029984.683228,22.204131999842502, 0.20566300008795224,0,0,27.8,0.0,0
469,1776029984.70935,18.362334999892482, 0.2505990000827296,0,0,27.8,0.0,0
470,1776029984.7392714,18.92231500005437, 0.20570800006680656,0,0,27.8,0.0,0
471,1776029984.7705498,20.261840000330267, 0.2369089997955598,0,0,27.8,0.0,0
472,1776029984.7967355,18.38427899974704, 0.2124910001839453,0,0,27.8,0.0,0
473,1776029984.832125,19.757672999730858, 0.2895510001508228,0,0,27.8,0.0,0
474,1776029984.8578196,18.11691700004303, 0.23392299999613897,0,0,27.8,0.0,0
475,1776029984.886724,19.934265999836498, 0.2648290001161513,0,0,27.8,0.0,0
476,1776029984.9180877,20.185749000120268, 0.21454600027936976,0,0,27.8,0.0,0
477,1776029984.9491026,20.126911999795993, 0.21730999969804543,0,0,27.8,0.0,0
478,1776029984.9777422,19.575319000068703, 0.22202600030141184,0,0,27.8,0.0,0
479,1776029985.0084732,20.58713299993542, 0.2338599997528945,0,0,27.8,0.0,0
480,1776029985.0380175,19.783845999882033, 0.21812299974044436,0,0,27.8,0.0,0
481,1776029985.0674362,19.658654000068054, 0.22214299997358466,0,0,27.8,0.0,0
482,1776029985.0922787,17.004583000016282, 0.2077489998555393,0,0,27.8,0.0,0
483,1776029985.1266165,19.93404599988935, 0.27563799994823057,0,0,27.8,0.0,0
484,1776029985.1577587,20.544233999771677, 0.2521639999031322,0,0,27.8,0.0,0
485,1776029985.1845741,18.53904799963857, 0.2658859998518892,0,0,27.8,0.0,0
486,1776029985.2146337,18.829447000371147, 0.248072999966098,0,0,27.8,0.0,0
487,1776029985.245131,20.006283999919106, 0.2216809998571989,0,0,27.8,0.0,0
488,1776029985.2740192,19.25201099993501, 0.21367299996200018,0,0,27.8,0.0,0
489,1776029985.3051462,20.011606000025495, 0.20514200014076778,0,0,27.8,0.0,0
490,1776029985.3351977,19.81185300019206, 0.20530300025711767,0,0,27.8,0.0,0
491,1776029985.3632643,18.914429000233213, 0.20544099970720708,0,0,27.8,0.0,0
492,1776029985.3942041,19.930485999793746, 0.2079549999507435,0,0,27.8,0.0,0
493,1776029985.4234798,18.61879299985958, 0.2507300000615942,0,0,27.8,0.0,0
494,1776029985.4526372,18.765052999697218, 0.23967600009200396,0,0,27.8,0.0,0
495,1776029985.4828122,19.75754999966739, 0.25724099987201043,0,0,27.8,0.0,0
496,1776029985.5131352,19.57654200032266, 0.22189500032254728,0,0,27.8,0.0,0
497,1776029985.542116,19.474609000099008, 0.23047699960443424,0,0,27.8,0.0,0
498,1776029985.572075,19.743283000025258, 0.2191419998780475,0,0,27.8,0.0,0
499,1776029985.602141,19.5172469998397, 0.2145039998140419,0,0,27.8,0.0,0
500,1776029985.6308074,18.886050000219257, 0.21360900018407847,0,0,27.8,0.0,0
501,1776029985.6616638,19.91270500002429, 0.22909599965714733,0,0,27.8,0.0,0
502,1776029985.6886704,18.688695000037114, 0.26557199998933356,0,0,27.8,0.0,0
503,1776029985.7186558,18.36902499962889, 0.23710100003881962,0,0,27.8,0.0,0
504,1776029985.7502062,19.67156899991096, 0.20411100013006944,0,0,27.8,0.0,0
505,1776029985.7806294,20.24892000008549, 0.2447530000608822,0,0,27.8,0.0,0
506,1776029985.8082469,18.740252000043256, 0.20512999981292523,0,0,27.8,0.0,0
507,1776029985.841535,21.294624999882217, 0.31714499982626876,0,0,27.8,0.0,0
508,1776029985.8678768,18.81014899981892, 0.20222200009811786,0,0,27.8,0.0,0
509,1776029985.9001706,20.234058999903937, 0.21452999999382882,0,0,27.8,0.0,0
510,1776029985.9242308,17.41544199967393, 0.2048090000243974,0,0,27.8,0.0,0
511,1776029985.9587748,19.928659000015614, 0.3017760000147973,0,0,27.8,0.0,0
512,1776029985.989504,20.00546299996131, 0.2888140002141881,0,0,27.8,0.0,0
513,1776029986.017646,19.347303999893484, 0.3028820001418353,0,0,27.8,0.0,0
514,1776029986.0481203,19.92872599976181, 0.22216599973035045,0,0,27.8,0.0,0
515,1776029986.0759993,19.048122000185685, 0.2059759999610833,0,0,27.8,0.0,0
516,1776029986.1073084,19.37850000012986, 0.2007480002248485,0,0,27.8,0.0,0
517,1776029986.1370738,19.88069800017911, 0.21519699976124684,0,0,27.8,0.0,0
518,1776029986.1655936,19.17519100015852, 0.2556299996285816,0,0,27.8,0.0,0
519,1776029986.1959572,20.067962000211992, 0.215429000036238,0,0,27.8,0.0,0
520,1776029986.2233343,18.442259000039485, 0.2024880000135454,0,0,27.8,0.0,0
521,1776029986.2562444,19.823757000267506, 0.21502899971892475,0,0,27.8,0.0,0
522,1776029986.285125,19.41530199974295, 0.21095700003570528,0,0,27.8,0.0,0
523,1776029986.3154473,19.23363200012318, 0.24437499996565748,0,0,27.8,0.0,0
524,1776029986.344847,19.39684800026953, 0.28949799980182434,0,0,27.8,0.0,0
525,1776029986.3731787,18.750576000002184, 0.20363099974929355,0,0,27.8,0.0,0
526,1776029986.4043484,20.3077360001771, 0.2629749997140607,0,0,27.8,0.0,0
527,1776029986.4333053,19.42471900019882, 0.1936419998855854,0,0,27.8,0.0,0
528,1776029986.46452,20.164846000170655, 0.24617300005047582,0,0,27.8,0.0,0
529,1776029986.490585,19.1522579998491, 0.2486700000190467,0,0,27.8,0.0,0
530,1776029986.5221977,18.93883899992943, 0.20307099975980236,0,0,27.8,0.0,0
531,1776029986.5526066,19.513662999997905, 0.2254320002066379,0,0,27.8,0.0,0
532,1776029986.5828102,19.277968000096735, 0.26231899983031326,0,0,27.8,0.0,0
533,1776029986.612099,18.218647000139754, 0.2864729999600968,0,0,27.8,0.0,0
534,1776029986.6411426,19.161560999691574, 0.20407500005603652,0,0,27.8,0.0,0
535,1776029986.6734533,21.31789499981096, 0.278729999990901,0,0,27.8,0.0,0
536,1776029986.6995144,18.784612999752426, 0.22443800025939709,0,0,27.8,0.0,0
537,1776029986.729693,18.894645000273158, 0.21359599986681133,0,0,27.8,0.0,0
538,1776029986.7599225,18.95804500009035, 0.2210000002378365,0,0,27.8,0.0,0
539,1776029986.7880697,17.94956399999137, 0.21157899982426898,0,0,27.8,0.0,0
540,1776029986.8195047,19.584346000101505, 0.2587549997770111,0,0,27.8,0.0,0
541,1776029986.8486989,19.48963399991044, 0.215647999993962,0,0,27.8,0.0,0
542,1776029986.879558,19.769551000081265, 0.32619900002828217,0,0,27.8,0.0,0
543,1776029986.9104578,20.17253800022445, 0.23370300004899036,0,0,27.8,0.0,0
544,1776029986.9395108,19.898790999832272, 0.3317179998703068,0,0,27.8,0.0,0
545,1776029986.9674757,18.50809300003675, 0.24411599997620215,0,0,27.8,0.0,0
546,1776029986.998262,19.388362999961828, 0.2120930003002286,0,0,27.8,0.0,0
547,1776029987.028688,20.405815000231087, 0.2636109998093161,0,0,27.8,0.0,0
548,1776029987.058337,20.014180000089254, 0.20683200000348734,0,0,27.8,0.0,0
549,1776029987.0879169,19.814123999822186, 0.23359100032394053,0,0,27.8,0.0,0
550,1776029987.1171384,18.912373000148364, 0.2031099998021091,0,0,27.8,0.0,0
551,1776029987.1467822,19.28796699985469, 0.24396199978582445,0,0,27.8,0.0,0
552,1776029987.1773891,19.655750999845623, 0.22183400005815201,0,0,27.8,0.0,0
553,1776029987.203391,17.43368699999337, 0.2146480001101736,0,0,27.8,0.0,0
554,1776029987.2370677,20.106550000036805, 0.3240910000386066,0,0,27.8,0.0,0
555,1776029987.2663074,20.12262100015505, 0.21512700004677754,0,0,27.8,0.0,0
556,1776029987.296461,20.307100000081846, 0.29713400044784066,0,0,27.8,0.0,0
557,1776029987.3249648,19.242746999680094, 0.20507599992924952,0,0,27.8,0.0,0
558,1776029987.3511422,17.91492200027278, 0.21134500002517598,0,0,27.8,0.0,0
559,1776029987.3850448,20.575624000230164, 0.2066499996544735,0,0,27.8,0.0,0
560,1776029987.4121006,18.586562000109552, 0.2133879997927579,0,0,27.8,0.0,0
561,1776029987.4459605,20.506804999968153, 0.3145379996567499,0,0,27.8,0.0,0
562,1776029987.4729095,19.980985000074725, 0.262232999830303,0,0,27.8,0.0,0
563,1776029987.501124,17.79043399983493, 0.20874600022580125,0,0,27.8,0.0,0
564,1776029987.533613,19.85836800031393, 0.34994099996765726,0,0,27.8,0.0,0
565,1776029987.5646892,20.644575000005716, 0.2354900002501381,0,0,27.8,0.0,0
566,1776029987.5922446,18.842256999960227, 0.21649600012096926,0,0,27.8,0.0,0
567,1776029987.6213918,19.19036200024493, 0.21989300012137392,0,0,27.8,0.0,0
568,1776029987.6534312,20.397608999701333, 0.22260900004766881,0,0,27.8,0.0,0
569,1776029987.6821368,19.329005000145116, 0.20390999998198822,0,0,27.8,0.0,0
570,1776029987.711747,19.133285999942018, 0.22754899964638753,0,0,27.8,0.0,0
571,1776029987.7411416,19.30107099997258, 0.20443099992917269,0,0,27.8,0.0,0
572,1776029987.77057,18.521417000101792, 0.24749800013523782,0,0,27.8,0.0,0
573,1776029987.8002887,19.36855199983256, 0.20314399989729282,0,0,27.8,0.0,0
574,1776029987.8312016,20.115802999953303, 0.20717400002467912,0,0,27.8,0.0,0
575,1776029987.8612869,20.35698899999261, 0.2338549998057715,0,0,27.8,0.0,0
576,1776029987.8872294,18.183009999575006, 0.2134230003321136,0,0,27.8,0.0,0
577,1776029987.9183788,19.15510400021958, 0.23038500012262375,0,0,27.8,0.0,0
578,1776029987.9457483,18.102952999925037, 0.20937399995091255,0,0,27.8,0.0,0
579,1776029987.9771736,19.513805999849865, 0.21869499960303074,0,0,27.8,0.0,0
580,1776029988.007265,19.395299999814597, 0.2082850000988401,0,0,27.8,0.0,0
581,1776029988.0400333,19.13243400031206, 0.2252090002912155,0,0,27.8,0.0,0
582,1776029988.0659163,17.747996999787574, 0.22631799993177992,0,0,27.8,0.0,0
583,1776029988.0966384,18.32259000002523, 0.21598900002572918,0,0,27.8,0.0,0
584,1776029988.1252694,18.13491700022496, 0.21997900012138416,0,0,27.8,0.0,0
585,1776029988.1571472,19.427433999680943, 0.23336999993261998,0,0,27.8,0.0,0
586,1776029988.185023,18.510665000121662, 0.21063799977127928,0,0,27.8,0.0,0
587,1776029988.2154632,19.128351000290422, 0.22655100019619567,0,0,27.8,0.0,0
588,1776029988.2443094,18.616707000091992, 0.20427499975994579,0,0,27.8,0.0,0
589,1776029988.2766333,20.35814200007735, 0.22139299971968285,0,0,27.8,0.0,0
590,1776029988.301635,17.151788999854034, 0.21708900021621957,0,0,27.8,0.0,0
591,1776029988.3333387,18.639099999745667, 0.23041899976306013,0,0,27.8,0.0,0
592,1776029988.3642268,18.755510000119102, 0.23414300039803493,0,0,27.8,0.0,0
593,1776029988.3934894,17.82791699997688, 0.23336300000664778,0,0,27.8,0.0,0
594,1776029988.4233139,18.991713000104937, 0.21788499998365296,0,0,27.8,0.0,0
595,1776029988.4532723,19.488888000068982, 0.20736000033139135,0,0,27.8,0.0,0
596,1776029988.4840424,20.259202000033838, 0.2679130002434249,0,0,27.8,0.0,0
597,1776029988.5153615,20.511718000307155, 0.20782199999302975,0,0,27.8,0.0,0
598,1776029988.54421,19.493332000365626, 0.20135800014031702,0,0,27.8,0.0,0
599,1776029988.5729125,18.877329000133614, 0.21772099989902927,0,0,27.8,0.0,0
600,1776029988.6016982,19.203391000246484, 0.23088000034476863,0,0,27.8,0.0,0
601,1776029988.6337268,19.90535100003399, 0.2504290000615583,0,0,27.8,0.0,0
602,1776029988.6632075,19.315640999593597, 0.30962699975134456,0,0,27.8,0.0,0
603,1776029988.6924505,19.396170000163693, 0.20804499990845216,0,0,27.8,0.0,0
604,1776029988.7198656,18.21989099971688, 0.21242100001472863,0,0,27.8,0.0,0
605,1776029988.7528582,20.272540999940247, 0.2645459999257582,0,0,27.8,0.0,0
606,1776029988.7822466,19.92365099977178, 0.2148150001630711,0,0,27.8,0.0,0
607,1776029988.8107822,19.02043500012951, 0.21753800001533818,0,0,27.8,0.0,0
608,1776029988.8421357,20.62803199987684, 0.2989980002894299,0,0,27.8,0.0,0
609,1776029988.8695395,18.438664999848697, 0.21246500000415836,0,0,27.8,0.0,0
610,1776029988.9016,20.386728999710613, 0.2440919997752644,0,0,27.8,0.0,0
611,1776029988.9254193,17.06505099991773, 0.24591999999756808,0,0,27.8,0.0,0
612,1776029988.9597945,19.732249999833584, 0.27231100011704257,0,0,27.8,0.0,0
613,1776029988.9900825,19.33171600012429, 0.21359399988796213,0,0,27.8,0.0,0
614,1776029989.0183988,19.281418999980815, 0.2225670000370883,0,0,27.8,0.0,0
615,1776029989.0483499,19.504054999742948, 0.2141029999620514,0,0,27.8,0.0,0
616,1776029989.0794468,20.084872000097675, 0.22128099999463302,0,0,27.8,0.0,0
617,1776029989.108035,19.155233000219596, 0.2784559997053293,0,0,27.8,0.0,0
618,1776029989.138963,20.28064699970855, 0.2146290003111062,0,0,27.8,0.0,0
619,1776029989.1649518,18.351433999669098, 0.2435740002511011,0,0,27.8,0.0,0
620,1776029989.1984982,19.828409999718133, 0.21437300028992468,0,0,27.8,0.0,0
621,1776029989.2281744,20.050223999987793, 0.20496999968599994,0,0,27.8,0.0,0
622,1776029989.2540221,17.998557000282744, 0.20869600029982394,0,0,27.8,0.0,0
623,1776029989.2883396,19.61280799969245, 0.21592699977190932,0,0,27.8,0.0,0
624,1776029989.3162072,18.984532000104082, 0.20372200015117414,0,0,27.8,0.0,0
625,1776029989.346882,19.84538499982591, 0.20628099991881754,0,0,27.8,0.0,0
626,1776029989.3728948,18.421494999984134, 0.2591049997135997,0,0,27.8,0.0,0
627,1776029989.405623,19.619072999830678, 0.22811100006947527,0,0,27.8,0.0,0
628,1776029989.4363995,20.36319500030004, 0.20818199982386432,0,0,27.8,0.0,0
629,1776029989.4618773,17.986723000376514, 0.22231499997360515,0,0,27.8,0.0,0
630,1776029989.4964163,20.241707999957725, 0.22934100024940562,0,0,27.8,0.0,0
631,1776029989.5232968,18.941071999961423, 0.2072990000669961,0,0,27.8,0.0,0
632,1776029989.5541997,19.410864999827027, 0.20388500024637324,0,0,27.8,0.0,0
633,1776029989.5849433,20.21344400009184, 0.3046809997613309,0,0,27.8,0.0,0
634,1776029989.610176,18.135281000013492, 0.2064179998342297,0,0,27.8,0.0,0
635,1776029989.6432555,19.152259999827947, 0.20476999998209067,0,0,27.8,0.0,0
636,1776029989.6733427,20.013643999845954, 0.21531500033233897,0,0,27.8,0.0,0
637,1776029989.7032163,20.457506000184367, 0.21483699993041228,0,0,27.8,0.0,0
638,1776029989.7323234,19.24167499964824, 0.2046320000772539,0,0,27.8,0.0,0
639,1776029989.762463,19.597433999933855, 0.24058400003923452,0,0,27.8,0.0,0
640,1776029989.7933848,20.66809200005082, 0.2216889997725957,0,0,27.8,0.0,0
641,1776029989.821784,18.999248999989504, 0.273414999810484,0,0,27.8,0.0,0
642,1776029989.852914,21.117773999776546, 0.23287300018637325,0,0,27.8,0.0,0
643,1776029989.8818898,18.840099000044574, 0.20723400029964978,0,0,27.8,0.0,0
644,1776029989.9094048,18.302033000054507, 0.22087200022724574,0,0,27.8,0.0,0
645,1776029989.940172,19.120573999771295, 0.20689099983428605,0,0,27.8,0.0,0
646,1776029989.9715288,20.32059599969216, 0.2583460000096238,0,0,27.8,0.0,0
647,1776029989.998198,18.59869300005812, 0.211554000088654,0,0,27.8,0.0,0
648,1776029990.0287967,19.064046000039525, 0.22540899999512476,0,0,27.8,0.0,0
649,1776029990.059466,19.760670000323444, 0.23772199983795872,0,0,27.8,0.0,0
650,1776029990.090293,19.930764000037016, 0.21479099996213336,0,0,27.8,0.0,0
651,1776029990.1185303,19.395614999666577, 0.22093500001574284,0,0,27.8,0.0,0
652,1776029990.1460207,18.510186000185058, 0.2111630001309095,0,0,27.8,0.0,0
653,1776029990.1790388,18.958044000100926, 0.21516800006793346,0,0,27.8,0.0,0
654,1776029990.207561,19.42680799993468, 0.22710099983669352,0,0,27.8,0.0,0
655,1776029990.234198,18.48337100000208, 0.20588300003510085,0,0,27.8,0.0,0
656,1776029990.268348,20.25819800019235, 0.21440299997266266,0,0,27.8,0.0,0
657,1776029990.2971046,19.35851200005345, 0.2248720002171467,0,0,27.8,0.0,0
658,1776029990.327598,19.886936000148125, 0.21923699978287914,0,0,27.8,0.0,0
659,1776029990.3569849,19.637426999906893, 0.2119390001098509,0,0,27.8,0.0,0
660,1776029990.386511,19.676689999869268, 0.22188299999470473,0,0,27.8,0.0,0
661,1776029990.4131017,17.991435000112688, 0.23431499994330807,0,0,27.8,0.0,0
662,1776029990.4472907,19.691083999987313, 0.25025200011441484,0,0,27.8,0.0,0
663,1776029990.4767315,19.591224000123475, 0.2332589997422474,0,0,27.8,0.0,0
664,1776029990.5056996,19.528070999967895, 0.23431699992215727,0,0,27.8,0.0,0
665,1776029990.534649,19.426095000198984, 0.2287679999426473,0,0,27.8,0.0,0
666,1776029990.563407,19.23126500014405, 0.21883399995203945,0,0,27.8,0.0,0
667,1776029990.5942798,19.713252000201464, 0.21433300025819335,0,0,27.8,0.0,0
668,1776029990.625479,20.439814000383194, 0.21458199989865534,0,0,27.8,0.0,0
669,1776029990.6538396,19.291860000066663, 0.2247289999104396,0,0,27.8,0.0,0
670,1776029990.6839132,19.832111000141595, 0.29655400021511014,0,0,27.8,0.0,0
671,1776029990.7145996,20.305844999711553, 0.2517670000088401,0,0,27.8,0.0,0
672,1776029990.741961,19.11841800028924, 0.21696299972973065,0,0,27.8,0.0,0
673,1776029990.7737596,19.58320499988986, 0.23248200022862875,0,0,27.8,0.0,0
674,1776029990.797166,16.859375999956683, 0.20375900021463167,0,0,27.8,0.0,0
675,1776029990.8312795,19.424769000124797, 0.21324399995137355,0,0,27.8,0.0,0
676,1776029990.8637648,21.23480800037214, 0.22673400007988675,0,0,27.8,0.0,0
677,1776029990.8887582,17.65324600000895, 0.21801299999424373,0,0,27.8,0.0,0
678,1776029990.9200263,19.430066000040824, 0.21972400008962722,0,0,27.8,0.0,0
679,1776029990.9487984,18.67048900021473, 0.2046439999503491,0,0,27.8,0.0,0
680,1776029990.9794085,18.697310999868932, 0.22903299986865022,0,0,27.8,0.0,0
681,1776029991.0078905,18.1662539998797, 0.23133600006985944,0,0,27.8,0.0,0
