frame,track,score,x,y,hit_time,hit_confirmed,redirects
3,2,0.1100,648.0,367.1,0.250,True,0
99,4,0.0695,1006.4,1429.0,0.250,True,0
138,9,0.1061,900.4,1068.7,0.250,True,0
234,12,0.1240,1001.2,1158.5,0.250,True,0
438,17,0.0644,530.9,456.0,0.250,True,0
477,22,0.1157,464.6,479.2,0.250,True,0
522,28,0.0508,1320.1,1100.4,0.250,True,0
561,34,0.0977,794.0,782.7,0.250,True,0
600,41,0.1113,688.6,1097.7,0.250,True,0
717,42,0.0861,450.8,539.4,0.250,True,0
765,46,0.0940,317.4,852.6,0.250,True,0
804,52,0.0679,1265.0,940.4,0.250,True,0
1033,53,0.0941,853.8,1231.8,0.250,True,0
1071,56,0.1436,769.0,1352.6,0.250,True,0
1263,60,0.1017,441.6,1040.1,0.250,True,0
1323,66,0.0412,1238.9,587.7,0.250,True,0
1369,70,0.0593,302.3,920.2,0.250,True,0
1674,73,0.0848,548.3,520.4,0.250,True,0
1837,76,0.0674,1510.2,1031.1,0.250,True,0
1874,78,0.1354,1381.8,1003.1,0.250,True,0
1926,82,0.0976,799.2,1365.0,0.250,True,0
1983,86,0.0777,1045.6,814.7,0.250,True,0
2022,90,0.1068,624.3,1051.2,0.250,True,0
2061,95,0.0462,757.6,284.4,0.250,True,0
2098,96,0.0965,841.6,421.5,0.250,True,0
2136,97,0.0701,786.4,561.7,0.250,True,0
2301,98,0.1115,678.0,826.2,0.250,True,0
2343,103,0.0744,683.2,1301.0,0.250,True,0
2380,105,0.0546,360.9,617.6,0.250,True,0
2418,106,0.1046,400.4,1067.7,0.250,True,0
2457,111,0.0692,919.2,364.5,0.250,True,0
2520,116,0.0514,1061.7,997.5,0.250,True,0
2557,117,0.0800,598.1,1263.0,0.250,True,0
2634,118,0.1080,1065.8,1126.5,0.250,True,0
2676,122,0.1135,795.1,1379.3,0.250,True,0
2721,124,0.1315,779.3,1388.3,0.250,True,0
2760,130,0.1176,952.9,1014.0,0.250,True,0
2797,132,0.0900,698.5,460.0,0.250,True,0
2835,137,0.1523,695.1,480.2,0.250,True,0
2890,138,0.0681,767.1,282.4,0.250,True,0
2928,141,0.0974,1170.0,204.6,0.250,True,0
3150,145,0.0625,833.9,1220.0,0.250,True,0
3187,148,0.1167,1202.1,874.6,0.250,True,0
3225,151,0.0838,1266.0,1121.3,0.250,True,0
3434,154,0.1070,994.0,826.3,0.250,True,0
3492,156,0.1085,1127.7,1230.0,0.250,True,0
3560,158,0.1244,1241.9,913.5,0.250,True,0
3630,160,0.0890,480.0,1228.9,0.250,True,0
3667,162,0.1306,655.0,1163.9,0.250,True,0
3783,163,0.0884,1399.2,1194.0,0.250,True,0
3820,165,0.0754,606.6,1060.0,0.250,True,0
3858,170,0.1206,594.4,1094.8,0.250,True,0
3898,176,0.0582,994.5,1343.7,0.250,True,0
3936,183,0.1110,872.5,1204.6,0.250,True,0
3975,192,0.1096,747.9,1204.8,0.250,True,0
4020,193,0.0882,442.8,778.5,0.250,True,0
4090,200,0.0446,1146.1,1215.1,0.250,True,0
4244,201,0.1230,1012.8,1023.4,0.250,True,0
4418,203,0.1222,783.3,1385.6,0.250,True,0
4455,205,0.0959,1014.5,1303.7,0.250,True,0
4493,207,0.1268,613.8,1276.1,0.250,True,0
4530,209,0.0957,423.6,1075.9,0.250,True,0
4569,221,0.1075,914.2,1160.3,0.250,True,0
4620,227,0.0430,1129.2,316.5,0.250,True,0
4788,230,0.0563,738.5,658.8,0.250,True,0
4825,233,0.0971,1028.9,1251.5,0.250,True,0
4862,234,0.0841,1111.4,1125.0,0.250,True,0
4899,237,0.0786,858.2,375.9,0.250,True,0
5087,240,0.0559,1101.6,848.1,0.250,True,0
5124,241,0.0822,1200.2,1269.5,0.250,True,0
5163,246,0.1153,751.9,840.6,0.250,True,0
5204,248,0.0582,289.7,764.9,0.250,True,0
5300,249,0.1166,379.3,409.7,0.250,True,0
5660,250,0.0964,803.1,458.5,0.250,True,0
5883,256,0.0928,381.5,602.8,0.250,True,0
5992,259,0.0657,584.3,421.7,0.250,True,0
6320,260,0.0883,778.0,1100.4,0.250,True,0
6359,262,0.0679,1310.0,556.2,0.250,True,0
6440,264,0.0681,454.7,315.8,0.250,True,0
6488,267,0.1054,749.1,837.4,0.250,True,0
6525,269,0.1181,419.5,961.5,0.250,True,0
6564,273,0.0855,1191.9,1331.7,0.250,True,0
6603,279,0.1143,1292.3,1220.5,0.250,True,0
6642,284,0.0847,886.3,584.3,0.250,True,0
6698,287,0.0822,524.1,397.6,0.250,True,0
6735,288,0.0726,1449.1,730.6,0.250,True,0
6792,290,0.0644,487.2,1214.9,0.250,True,0
6912,292,0.0909,587.8,707.9,0.250,True,0
6951,299,0.1051,1116.3,662.7,0.250,True,0
6994,303,0.0534,826.8,1183.2,0.250,True,0
7031,305,0.0747,1249.9,224.3,0.250,True,0
7068,307,0.0898,443.7,382.1,0.250,True,0
7107,313,0.0586,1431.5,803.2,0.250,True,0
7187,315,0.0662,486.4,1179.8,0.250,True,0
7235,317,0.0426,1378.5,421.6,0.250,True,0
7343,319,0.0869,798.2,470.9,0.250,True,0
7905,321,0.0497,644.4,1146.3,0.250,True,0
7955,323,0.0620,1568.4,803.8,0.250,True,0
7995,324,0.0444,456.6,286.5,0.250,True,0
8082,325,0.1049,1004.5,243.8,0.250,True,0
8166,327,0.0961,1430.7,761.2,0.250,True,0
8205,329,0.0835,794.3,772.6,0.250,True,0
8245,330,0.1104,325.6,611.0,0.250,True,0
8322,331,0.0662,1138.5,925.6,0.250,True,0
8360,333,0.0500,788.5,337.4,0.250,True,0
8401,340,0.0838,1159.8,590.5,0.250,True,0
8439,345,0.1199,1483.5,647.7,0.250,True,0
8478,352,0.0666,680.2,1138.4,0.250,True,0
8518,355,0.0791,1190.2,1325.2,0.250,True,0
8559,356,0.0683,1336.5,1181.8,0.250,True,0
8603,357,0.0746,1300.3,1173.2,0.250,True,0
8640,358,0.1321,1324.4,1116.8,0.250,True,0
8677,360,0.0739,1342.2,1063.8,0.250,True,0
8715,366,0.1432,1373.8,1009.2,0.250,True,0
8752,369,0.1591,1419.4,984.3,0.250,True,0
8796,370,0.0738,1475.1,963.8,0.250,True,0
8835,371,0.0742,1524.2,979.9,0.250,True,0
8874,375,0.0771,587.8,1119.9,0.250,True,0
8973,376,0.1108,648.8,1296.4,0.250,True,0
9099,378,0.1070,1154.1,1330.8,0.250,True,0
9138,384,0.1231,990.1,1155.0,0.250,True,0
9177,388,0.0615,1366.9,1238.3,0.250,True,0
9215,389,0.1181,1029.8,1066.3,0.250,True,0
9394,391,0.1173,1336.5,852.1,0.250,True,0
9431,393,0.0689,1381.4,485.6,0.250,True,0
9468,395,0.0480,448.6,744.7,0.250,True,0
9539,398,0.0939,504.5,279.6,0.250,True,0
9596,399,0.0551,840.4,1362.9,0.250,True,0
9695,401,0.0823,1539.0,611.6,0.250,True,0
9732,403,0.1120,1288.8,851.9,0.250,True,0
9770,406,0.1046,1552.2,831.2,0.250,True,0
9807,407,0.0601,756.8,1025.3,0.250,True,0
9844,409,0.1059,1248.0,1199.8,0.250,True,0
9897,412,0.1105,1414.8,1094.7,0.250,True,0
10023,414,0.0656,1300.0,1343.5,0.250,True,0
10062,417,0.0954,773.8,1276.3,0.250,True,0
10169,419,0.1135,1191.2,980.3,0.250,True,0
10212,423,0.1234,1376.3,804.6,0.250,True,0
10325,424,0.1250,1280.0,686.6,0.250,True,0
10477,425,0.0695,454.9,692.1,0.250,True,0
10515,429,0.1052,870.0,1015.8,0.250,True,0
10552,431,0.1032,875.6,532.9,0.250,True,0
10693,432,0.1037,1059.4,957.1,0.250,True,0
10878,434,0.0940,796.2,1141.0,0.250,True,0
10934,435,0.0420,459.4,311.3,0.250,True,0
10972,436,0.0684,1009.9,1048.1,0.250,True,0
11010,439,0.0955,832.7,1214.8,0.250,True,0
11061,449,0.0611,1218.9,1298.3,0.250,True,0
11110,452,0.0727,1158.7,1363.1,0.250,True,0
11147,453,0.1362,1225.2,1078.0,0.250,True,0
11297,455,0.0580,780.6,912.7,0.250,True,0
11345,456,0.1016,583.3,1184.8,0.250,True,0
11436,457,0.0658,801.2,1022.4,0.250,True,0
11507,458,0.1353,892.8,971.7,0.250,True,0
11552,462,0.0536,1423.4,1230.5,0.250,True,0
11592,463,0.0886,857.3,866.3,0.250,True,0
11631,467,0.1285,604.7,547.6,0.250,True,0
11673,471,0.0825,1121.1,1208.5,0.250,True,0
11714,476,0.1220,1261.7,963.0,0.250,True,0
11762,478,0.1133,857.2,832.2,0.250,True,0
11868,480,0.1073,806.5,1227.7,0.250,True,0
11905,482,0.0787,1054.3,568.5,0.250,True,0
11943,487,0.0734,1111.8,1208.8,0.250,True,0
11982,493,0.1242,586.8,1276.5,0.250,True,0
12022,495,0.0699,1105.9,585.7,0.250,True,0
12060,498,0.0679,810.1,1178.6,0.250,True,0
12441,502,0.1115,1140.3,1378.9,0.250,True,0
12480,508,0.1037,762.9,1174.5,0.250,True,0
12525,512,0.1200,1005.4,1371.3,0.250,True,0
12588,520,0.0387,660.3,184.5,0.250,True,0
12765,539,0.0668,858.6,831.0,0.250,True,0
12819,543,0.0894,1193.4,489.9,0.250,True,0
12872,545,0.0698,602.8,1136.2,0.250,True,0
12909,547,0.0982,925.8,952.1,0.250,True,0
12948,551,0.1175,703.9,1127.7,0.250,True,0
12987,556,0.1118,398.7,740.4,0.250,True,0
13026,560,0.1357,525.1,797.6,0.250,True,0
13081,562,0.0655,286.0,940.4,0.250,True,0
13119,565,0.0630,1273.2,481.7,0.250,True,0
13158,570,0.0695,394.7,656.1,0.250,True,0
13293,575,0.0506,1054.0,535.5,0.250,True,0
13331,578,0.0772,700.4,1338.6,0.250,True,0
13377,580,0.1385,855.4,1428.5,0.250,True,0
13414,582,0.1096,978.2,1423.0,0.250,True,0
13452,585,0.1021,1326.2,1129.7,0.250,True,0
13491,590,0.1257,1013.8,1268.5,0.250,True,0
13542,592,0.1047,1141.7,1358.2,0.250,True,0
13581,596,0.1420,1034.3,1291.6,0.250,True,0
13620,601,0.1104,605.3,849.4,0.250,True,0
13680,605,0.1060,931.6,1379.1,0.250,True,0
13719,609,0.0648,1063.4,1112.8,0.250,True,0
13779,610,0.0664,890.4,1299.0,0.250,True,0
13957,611,0.0650,1153.8,1422.5,0.250,True,0
14041,612,0.1382,1223.3,1357.8,0.250,True,0
14121,613,0.0884,642.0,1189.1,0.250,True,0
14160,620,0.1191,421.9,886.9,0.250,True,0
14199,628,0.1294,631.7,1070.2,0.250,True,0
14247,631,0.0952,1262.2,1362.0,0.250,True,0
14307,632,0.0820,1517.9,531.5,0.250,True,0
14346,636,0.0819,881.2,1163.4,0.250,True,0
14419,639,0.0673,1086.7,1266.7,0.250,True,0
14457,640,0.0381,1010.8,272.0,0.250,True,0
14495,641,0.1083,775.4,683.3,0.250,True,0
14532,642,0.1258,464.0,471.7,0.250,True,0
14600,646,0.0950,339.3,914.3,0.250,True,0
14757,649,0.0970,801.8,1289.4,0.250,True,0
14837,652,0.0599,885.5,872.4,0.250,True,0
15036,653,0.1004,932.8,1392.1,0.250,True,0
15075,657,0.0747,942.9,1429.1,0.250,True,0
15149,658,0.0889,1005.0,769.0,0.250,True,0
15210,660,0.1228,781.5,400.7,0.250,True,0
15249,664,0.1109,393.3,822.4,0.250,True,0
15290,668,0.0644,1140.8,650.5,0.250,True,0
15327,670,0.0934,1563.8,704.7,0.250,True,0
15364,672,0.0700,752.2,1298.5,0.250,True,0
15402,673,0.0423,1251.2,291.2,0.250,True,0
15652,677,0.0487,835.3,876.7,0.250,True,0
15885,678,0.0602,452.6,1039.0,0.250,True,0
16071,683,0.0608,1125.9,295.5,0.250,True,0
16118,685,0.0438,1162.6,1144.6,0.250,True,0
16230,686,0.0811,514.6,1094.5,0.250,True,0
16303,688,0.0805,1199.9,1047.9,0.250,True,0
16445,690,0.0864,476.1,1163.0,0.250,True,0
16629,694,0.0987,1122.3,1315.0,0.250,True,0
16787,696,0.0491,456.3,1069.9,0.250,True,0
16824,699,0.0606,821.6,947.3,0.250,True,0
16894,701,0.0830,1525.1,705.1,0.250,True,0
16954,703,0.1111,1456.0,536.8,0.250,True,0
17040,704,0.0659,1007.3,1333.5,0.250,True,0
17079,709,0.0703,1501.8,902.1,0.250,True,0
17332,710,0.0894,1198.3,1322.8,0.250,True,0
17408,711,0.0940,517.9,971.9,0.250,True,0
17514,715,0.1292,331.1,955.7,0.250,True,0
17608,720,0.0323,1466.8,1152.0,0.250,True,0
17687,721,0.0832,821.6,1137.6,0.250,True,0
17823,727,0.0853,984.1,1387.8,0.250,True,0
17870,729,0.0748,293.5,643.4,0.250,True,0
17907,731,0.0939,577.5,1004.3,0.250,True,0
17944,733,0.0617,932.3,1069.2,0.250,True,0
17983,734,0.0983,1324.4,1044.7,0.250,True,0
18023,736,0.0978,657.6,1302.8,0.250,True,0
18073,738,0.1331,640.7,1032.4,0.250,True,0
18227,740,0.0403,1359.2,426.6,0.250,True,0
18272,741,0.0822,1389.7,1244.3,0.250,True,0
18429,743,0.0676,915.7,303.3,0.250,True,0
18468,747,0.0956,479.4,993.8,0.250,True,0
18507,750,0.1050,621.7,1300.5,0.250,True,0
18614,752,0.0642,451.0,1039.5,0.250,True,0
18678,755,0.0795,977.8,1363.2,0.250,True,0
18732,757,0.0798,1545.5,955.3,0.250,True,0
18809,758,0.0523,339.3,981.2,0.250,True,0
18876,760,0.0790,787.9,1239.8,0.250,True,0
18915,770,0.1184,663.1,1260.2,0.250,True,0
18992,773,0.1364,703.1,1375.1,0.250,True,0
19053,775,0.0904,585.9,890.0,0.250,True,0
19170,781,0.1073,971.1,1107.6,0.250,True,0
19228,783,0.1048,804.2,1245.2,0.250,True,0
19288,784,0.0535,1327.4,962.7,0.250,True,0
19362,785,0.1143,936.8,866.9,0.250,True,0
19530,790,0.0774,849.7,240.9,0.250,True,0
19567,792,0.0823,1363.5,642.8,0.250,True,0
19698,794,0.0784,480.5,929.6,0.250,True,0
19809,800,0.0794,953.4,1361.9,0.250,True,0
19974,806,0.1165,778.3,1275.3,0.250,True,0
20013,810,0.0485,1464.9,1034.9,0.250,True,0
20243,812,0.0754,559.7,1262.6,0.250,True,0
20313,814,0.0450,982.2,563.9,0.250,True,0
20418,815,0.0534,459.2,847.3,0.250,True,0
20819,816,0.0797,1461.9,1146.1,0.250,True,0
20894,818,0.0994,863.9,1415.1,0.250,True,0
21033,822,0.0788,1345.1,1280.7,0.250,True,0
21267,823,0.0613,998.7,1457.3,0.250,True,0
21304,824,0.0943,1339.4,932.6,0.250,True,0
21427,826,0.1122,1243.9,1358.8,0.250,True,0
21477,830,0.1346,1183.1,1274.5,0.250,True,0
21566,833,0.0394,454.9,642.1,0.250,True,0
21605,834,0.0987,782.3,777.3,0.250,True,0
21642,835,0.1259,776.5,1074.9,0.250,True,0
21681,840,0.1133,858.4,1040.2,0.250,True,0
21720,843,0.1198,611.0,770.8,0.250,True,0
21825,846,0.0929,459.2,1162.4,0.250,True,0
21864,851,0.0315,1383.3,442.8,0.250,True,0
21903,856,0.1229,1581.0,662.0,0.250,True,0
22089,864,0.0709,974.6,1257.0,0.250,True,0
22130,869,0.0825,970.0,1428.7,0.250,True,0
22272,872,0.1365,929.4,1384.9,0.250,True,0
22323,874,0.0933,639.2,953.9,0.250,True,0
22362,876,0.1428,795.6,927.0,0.250,True,0
22477,879,0.0918,451.2,574.0,0.250,True,0
22704,883,0.1119,825.7,855.4,0.250,True,0
22779,888,0.0617,463.8,964.2,0.250,True,0
22821,892,0.0969,870.2,1344.1,0.250,True,0
22980,894,0.0365,899.8,304.7,0.250,True,0
23034,895,0.0702,1199.1,880.3,0.250,True,0
23136,897,0.0890,464.3,839.4,0.250,True,0
23247,899,0.1214,463.4,1179.2,0.250,True,0
23322,903,0.1003,1032.9,898.5,0.250,True,0
23452,905,0.1456,1052.8,1043.2,0.250,True,0
23495,906,0.0797,900.4,416.1,0.250,True,0
23585,907,0.0774,1166.0,1105.7,0.250,True,0
23638,909,0.0850,1126.3,281.6,0.250,True,0
23687,911,0.0635,392.9,1102.0,0.250,True,0
23724,913,0.1069,670.3,558.9,0.250,True,0
23763,917,0.1175,926.6,781.4,0.250,True,0
23802,921,0.1065,1386.3,1092.7,0.250,True,0
23841,926,0.0610,559.6,776.5,0.250,True,0
23971,928,0.0483,1183.3,397.1,0.250,True,0
24018,933,0.0561,1008.1,1459.7,0.250,True,0
24055,935,0.0954,914.4,1061.5,0.250,True,0
24093,938,0.0916,421.0,1156.9,0.250,True,0
24160,940,0.0904,335.6,624.3,0.250,True,0
24198,943,0.1007,866.2,179.1,0.250,True,0
24238,944,0.0664,1136.2,1161.1,0.250,True,0
24276,951,0.1111,1509.8,820.9,0.250,True,0
24315,955,0.1366,1427.6,1095.5,0.250,True,0
24352,957,0.0867,885.6,544.2,0.250,True,0
24708,959,0.0738,363.7,757.8,0.250,True,0
24745,961,0.0604,414.5,1162.5,0.250,True,0
24786,962,0.1217,654.0,1241.5,0.250,True,0
24825,966,0.1183,678.0,1337.4,0.250,True,0
24867,968,0.1225,943.4,1226.9,0.250,True,0
24906,970,0.0991,1544.2,991.3,0.250,True,0
24945,974,0.0555,515.9,1243.8,0.250,True,0
25065,976,0.0551,1048.4,1107.8,0.250,True,0
25104,979,0.1112,504.2,1044.9,0.250,True,0
25143,986,0.1124,801.7,1181.0,0.250,True,0
25182,997,0.1287,998.0,1169.3,0.250,True,0
25224,1003,0.0564,890.2,350.1,0.250,True,0
25283,1004,0.0677,692.6,1197.5,0.250,True,0
25338,1007,0.0695,808.3,1328.4,0.250,True,0
25559,1028,0.1043,593.6,1099.3,0.250,True,0
25596,1033,0.0928,643.5,1274.5,0.250,True,0
25635,1037,0.0408,1385.6,715.9,0.250,True,0
25674,1040,0.1142,1508.9,735.3,0.250,True,0
25713,1044,0.0338,457.6,1055.4,0.250,True,0
25770,1048,0.0482,920.4,486.5,0.250,True,0
25815,1055,0.0848,578.2,972.9,0.250,True,0
25861,1056,0.1034,306.3,844.5,0.250,True,0
25899,1057,0.0763,569.2,412.7,0.250,True,0
25956,1058,0.0730,924.8,1299.9,0.250,True,0
26048,1060,0.1173,522.6,1259.2,0.250,True,0
26099,1062,0.1306,694.3,1364.3,0.250,True,0
26136,1064,0.1176,934.1,1163.2,0.250,True,0
26436,1066,0.1134,807.4,1243.3,0.250,True,0
26475,1069,0.1080,1157.0,721.2,0.250,True,0
26541,1073,0.0530,638.7,1036.4,0.250,True,0
26607,1074,0.0738,1328.0,1011.8,0.250,True,0
26673,1076,0.0495,687.5,1286.4,0.250,True,0
26726,1078,0.0811,1006.3,935.7,0.250,True,0
26765,1079,0.0588,549.4,967.0,0.250,True,0
26835,1083,0.1017,1174.0,1359.7,0.250,True,0
27030,1085,0.0810,516.9,1029.6,0.250,True,0
27132,1088,0.0554,1257.4,334.1,0.250,True,0
27507,1092,0.0462,587.4,744.8,0.250,True,0
27546,1093,0.1145,458.3,735.4,0.250,True,0
27750,1094,0.1031,456.8,1193.0,0.250,True,0
27800,1096,0.0944,1058.4,1227.5,0.250,True,0
27923,1098,0.0698,388.2,637.7,0.250,True,0
27996,1100,0.0862,791.2,1384.7,0.250,True,0
28056,1104,0.1253,686.9,1279.3,0.250,True,0
28097,1107,0.0602,569.2,878.5,0.250,True,0
28224,1110,0.1264,619.3,1085.5,0.250,True,0
28453,1111,0.0565,580.4,572.6,0.250,True,0
28491,1114,0.0847,1186.4,395.5,0.250,True,0
28543,1116,0.1129,1557.7,796.9,0.250,True,0
28581,1120,0.0743,653.6,1257.1,0.250,True,0
28620,1125,0.0785,1145.8,1329.5,0.250,True,0
28665,1129,0.0999,627.8,1057.4,0.250,True,0
28825,1131,0.1116,461.5,954.7,0.250,True,0
28965,1134,0.0819,1005.5,690.8,0.250,True,0
29159,1136,0.0723,1061.5,772.1,0.250,True,0
29213,1137,0.0548,523.6,925.4,0.250,True,0
29340,1140,0.0952,893.3,272.6,0.250,True,0
29561,1141,0.0793,597.4,1036.2,0.250,True,0
29797,1143,0.0811,1480.1,1078.0,0.250,True,0
29834,1144,0.1072,1458.4,721.7,0.250,True,0
29871,1146,0.0798,680.8,944.9,0.250,True,0
29910,1150,0.1223,696.7,629.7,0.250,True,0
30179,1152,0.0950,1375.8,911.3,0.250,True,0
30267,1154,0.0744,382.4,1003.9,0.250,True,0
30505,1156,0.0614,1248.6,525.7,0.250,True,0
30545,1158,0.0504,686.9,150.8,0.250,True,0
30606,1159,0.0641,855.7,417.2,0.250,True,0
30696,1162,0.0823,386.0,635.9,0.250,True,0
30738,1168,0.0772,1043.3,577.9,0.250,True,0
30780,1174,0.0819,876.1,253.0,0.250,True,0
30912,1178,0.0852,674.8,911.6,0.250,True,0
30949,1180,0.0651,668.6,631.2,0.250,True,0
31085,1181,0.0975,1132.1,916.4,0.250,True,0
31329,1184,0.1185,751.5,1345.2,0.250,True,0
31368,1189,0.1116,912.4,1089.1,0.250,True,0
31446,1194,0.0527,369.6,799.2,0.250,True,0
31488,1196,0.0665,1181.6,1353.5,0.250,True,0
31527,1200,0.1071,703.3,873.7,0.250,True,0
31570,1203,0.0625,437.0,1112.8,0.250,True,0
31712,1204,0.0746,462.5,1083.3,0.250,True,0
31749,1206,0.1261,612.9,976.7,0.250,True,0
31786,1208,0.1024,1012.9,1272.0,0.250,True,0
31875,1210,0.1339,750.2,1187.3,0.250,True,0
31914,1214,0.1316,593.1,1311.1,0.250,True,0
32301,1218,0.1168,415.5,1058.4,0.250,True,0
32370,1223,0.1202,336.9,874.8,0.250,True,0
32471,1225,0.1032,949.7,1331.3,0.250,True,0
32508,1226,0.1156,820.7,954.0,0.250,True,0
32749,1228,0.0845,1050.0,1428.4,0.250,True,0
32819,1229,0.0599,634.6,1340.4,0.250,True,0
32859,1232,0.1131,382.4,916.5,0.250,True,0
32898,1234,0.0384,1375.7,923.4,0.250,True,0
32971,1236,0.0387,393.4,882.6,0.250,True,0
33134,1237,0.1014,457.7,1111.2,0.250,True,0
33215,1239,0.0599,510.3,690.9,0.250,True,0
33258,1240,0.0497,1202.3,735.1,0.250,True,0
33350,1241,0.0754,460.2,980.6,0.250,True,0
33387,1242,0.0537,1532.9,711.8,0.250,True,0
33426,1245,0.0975,1408.7,1132.6,0.250,True,0
33466,1247,0.1569,1371.9,999.1,0.250,True,0
33584,1248,0.0584,633.8,1325.3,0.250,True,0
33621,1249,0.0744,595.2,725.7,0.250,True,0
33663,1252,0.0574,783.2,1181.5,0.250,True,0
33702,1259,0.1105,751.0,1152.3,0.250,True,0
33772,1265,0.0672,626.4,1347.5,0.250,True,0
33823,1266,0.0369,860.7,345.2,0.250,True,0
33943,1267,0.1003,796.9,631.5,0.250,True,0
33981,1270,0.1480,903.7,575.5,0.250,True,0
34020,1274,0.1014,976.3,675.6,0.250,True,0
34058,1277,0.1046,816.0,452.6,0.250,True,0
34158,1280,0.0655,748.2,724.5,0.250,True,0
34197,1285,0.1261,802.5,557.5,0.250,True,0
34238,1289,0.0622,440.2,600.2,0.250,True,0
34404,1290,0.0638,1042.2,244.4,0.250,True,0
34448,1293,0.0603,485.0,1090.9,0.250,True,0
34491,1295,0.0961,885.9,1301.7,0.250,True,0
34542,1297,0.1091,798.2,1155.2,0.250,True,0
34581,1300,0.0632,703.5,830.4,0.250,True,0
34655,1301,0.0622,403.9,622.5,0.250,True,0
34797,1302,0.0945,536.6,1145.1,0.250,True,0
34836,1304,0.1049,391.8,886.2,0.250,True,0
34875,1308,0.1262,332.1,718.2,0.250,True,0
34933,1311,0.0577,1120.7,1401.1,0.250,True,0
34989,1312,0.0506,551.9,1046.8,0.250,True,0
35028,1315,0.0464,1329.2,943.7,0.250,True,0
35116,1316,0.0599,315.6,570.4,0.250,True,0
35154,1320,0.0989,584.7,1103.6,0.250,True,0
35201,1322,0.1264,772.6,1398.2,0.250,True,0
35238,1325,0.1330,966.1,1393.8,0.250,True,0
35277,1332,0.0870,1135.8,659.3,0.250,True,0
35563,1337,0.0442,502.0,1209.5,0.250,True,0
35607,1338,0.1049,339.9,849.0,0.250,True,0
35913,1342,0.0507,1509.4,945.5,0.250,True,0
36128,1344,0.0434,781.7,488.4,0.250,True,0
36246,1346,0.0859,803.8,1431.8,0.250,True,0
36283,1348,0.0683,637.6,496.6,0.250,True,0
36321,1351,0.0706,574.5,368.2,0.250,True,0
36360,1355,0.0843,967.7,1250.3,0.250,True,0
36398,1357,0.1103,595.6,828.5,0.250,True,0
36623,1359,0.1128,602.8,1131.6,0.250,True,0
36660,1360,0.1019,855.0,1132.5,0.250,True,0
36699,1369,0.1246,1166.5,913.6,0.250,True,0
36738,1374,0.1010,536.8,566.0,0.250,True,0
36779,1376,0.0638,496.2,245.2,0.250,True,0
36822,1379,0.0915,371.8,957.6,0.250,True,0
36861,1384,0.1345,520.9,1022.3,0.250,True,0
36900,1389,0.0772,1195.4,723.1,0.250,True,0
36955,1391,0.0455,604.5,1267.6,0.250,True,0
37002,1394,0.0736,585.2,1329.7,0.250,True,0
37039,1395,0.0675,804.8,1283.3,0.250,True,0
37116,1398,0.1179,793.3,1203.9,0.250,True,0
37785,1399,0.1476,662.7,1350.1,0.250,True,0
37912,1401,0.0563,827.9,857.0,0.250,True,0
38306,1402,0.1219,592.4,1315.6,0.250,True,0
38343,1404,0.0945,1007.2,1327.0,0.250,True,0
38382,1407,0.0586,1450.5,1203.4,0.250,True,0
38421,1408,0.0813,513.5,1053.0,0.250,True,0
38489,1410,0.0813,1335.8,1110.3,0.250,True,0
38526,1412,0.0933,987.3,789.1,0.250,True,0
38648,1414,0.1047,911.2,290.5,0.250,True,0
38775,1416,0.0393,1275.6,1187.3,0.250,True,0
38829,1419,0.0652,590.2,578.3,0.250,True,0
38891,1423,0.1028,588.3,1028.7,0.250,True,0
38955,1426,0.0648,805.9,1230.3,0.250,True,0
38997,1431,0.0569,1288.9,1375.8,0.250,True,0
39063,1436,0.0950,884.9,1384.3,0.250,True,0
39184,1437,0.1071,1306.6,1089.7,0.250,True,0
39240,1439,0.0826,812.7,897.9,0.250,True,0
39299,1442,0.1213,283.7,856.5,0.250,True,0
39352,1444,0.0687,329.8,668.6,0.250,True,0
39590,1445,0.0731,894.8,1395.7,0.250,True,0
39758,1447,0.0694,336.5,723.8,0.250,True,0
39795,1449,0.0864,591.8,859.7,0.250,True,0
39832,1451,0.1030,697.4,1185.7,0.250,True,0
39870,1454,0.1359,914.6,1162.0,0.250,True,0
39981,1456,0.0882,451.3,856.3,0.250,True,0
40154,1458,0.1312,525.7,699.4,0.250,True,0
40206,1460,0.0953,935.1,1427.4,0.250,True,0
40280,1461,0.1120,587.4,1236.4,0.250,True,0
40323,1463,0.0453,1154.2,658.6,0.250,True,0
40401,1466,0.0663,644.8,1254.1,0.250,True,0
40461,1469,0.0903,1111.6,608.5,0.250,True,0
40538,1471,0.0481,769.3,1247.8,0.250,True,0
40584,1472,0.0897,1432.0,859.1,0.250,True,0
40731,1474,0.0767,970.8,297.6,0.250,True,0
40809,1477,0.1205,575.7,364.9,0.250,True,0
40855,1479,0.1233,849.6,175.3,0.250,True,0
41004,1484,0.0557,830.3,1257.2,0.250,True,0
41042,1487,0.0928,1466.7,1005.2,0.250,True,0
41080,1489,0.0618,1403.6,635.5,0.250,True,0
41118,1492,0.1215,1065.8,889.8,0.250,True,0
41175,1496,0.0849,1377.7,625.0,0.250,True,0
41223,1497,0.1210,1432.7,1018.3,0.250,True,0
41262,1505,0.1158,1114.5,866.4,0.250,True,0
41300,1509,0.1289,865.5,848.2,0.250,True,0
41353,1511,0.0575,1199.5,1203.5,0.250,True,0
41485,1512,0.0917,827.2,399.1,0.250,True,0
41634,1516,0.0597,1236.6,533.5,0.250,True,0
41810,1519,0.0689,778.4,1353.1,0.250,True,0
41895,1523,0.1165,685.7,1225.2,0.250,True,0
41933,1530,0.0709,800.5,1292.3,0.250,True,0
42063,1533,0.0820,1400.7,645.6,0.250,True,0
42291,1536,0.1058,1355.4,816.9,0.250,True,0
42384,1539,0.0694,1474.5,945.6,0.250,True,0
42518,1540,0.0533,994.1,1301.7,0.250,True,0
42573,1541,0.0436,414.3,673.7,0.250,True,0
42691,1543,0.0774,787.8,1248.3,0.250,True,0
42808,1546,0.1127,1223.4,1312.0,0.250,True,0
42846,1549,0.0678,1414.6,1210.7,0.250,True,0
43007,1550,0.0308,321.3,740.6,0.250,True,0
43067,1551,0.1044,579.8,1150.2,0.250,True,0
43182,1553,0.0584,463.8,700.6,0.250,True,0
43254,1559,0.0682,1199.8,696.9,0.250,True,0
43593,1560,0.1149,899.8,366.0,0.250,True,0
43630,1562,0.0838,638.0,429.7,0.250,True,0
43712,1563,0.1347,644.0,222.7,0.250,True,0
43749,1565,0.1243,692.4,740.5,0.250,True,0
43788,1569,0.0432,1554.2,781.5,0.250,True,0
43837,1570,0.1376,1557.5,765.8,0.250,True,0
43875,1574,0.1266,1407.1,611.2,0.250,True,0
43912,1576,0.1164,1031.2,784.4,0.250,True,0
44129,1577,0.0925,579.6,1066.9,0.250,True,0
44166,1579,0.0988,1187.2,864.8,0.250,True,0
44205,1584,0.1268,1275.0,1074.1,0.250,True,0
44244,1589,0.1104,1194.2,809.4,0.250,True,0
44325,1591,0.1066,908.7,1426.5,0.250,True,0
44364,1595,0.1137,417.3,1152.5,0.250,True,0
44404,1597,0.0749,1161.0,1246.2,0.250,True,0
44508,1599,0.1140,1186.2,1115.7,0.250,True,0
44550,1604,0.0580,806.1,1399.9,0.250,True,0
44706,1605,0.0723,1507.6,790.6,0.250,True,0
44745,1610,0.1164,1252.6,690.4,0.250,True,0
44785,1613,0.0446,446.6,504.4,0.250,True,0
44835,1616,0.0686,1435.2,1027.9,0.250,True,0
44872,1618,0.0562,1083.7,1413.5,0.250,True,0
44909,1619,0.1207,999.9,1190.4,0.250,True,0
44946,1621,0.1140,1174.4,1122.9,0.250,True,0
44985,1625,0.1161,1280.6,824.7,0.250,True,0
45026,1627,0.0855,1036.4,1103.1,0.250,True,0
45104,1629,0.1099,844.7,1405.9,0.250,True,0
45303,1632,0.0600,1212.1,1198.2,0.250,True,0
45402,1636,0.0771,795.7,1271.1,0.250,True,0
45558,1637,0.0853,555.2,613.8,0.250,True,0
45597,1641,0.0705,1340.6,840.6,0.250,True,0
45636,1647,0.0778,763.1,952.4,0.250,True,0
45711,1649,0.0597,341.4,870.9,0.250,True,0
45855,1654,0.0558,850.6,1031.2,0.250,True,0
45895,1657,0.0698,990.9,1115.0,0.250,True,0
45933,1661,0.0809,784.1,1183.9,0.250,True,0
46104,1663,0.0520,282.7,796.6,0.250,True,0
46143,1667,0.0960,883.0,1249.7,0.250,True,0
46281,1673,0.0877,531.3,1021.5,0.250,True,0
46320,1679,0.0907,746.1,1184.1,0.250,True,0
46372,1681,0.1040,791.2,883.4,0.250,True,0
46429,1682,0.1077,866.7,1289.2,0.250,True,0
47003,1683,0.1226,893.9,1218.6,0.250,True,0
47040,1686,0.0628,1320.5,1043.5,0.250,True,0
47139,1690,0.0409,400.4,1128.4,0.250,True,0
47367,1693,0.1112,635.1,1245.8,0.250,True,0
47418,1698,0.0370,1073.5,317.7,0.250,True,0
47457,1702,0.0434,511.3,969.5,0.250,True,0
47541,1703,0.0685,417.0,794.2,0.250,True,0
47580,1704,0.0466,1078.4,1204.6,0.250,True,0
47619,1707,0.0934,658.4,815.5,0.250,True,0
47656,1709,0.1096,505.5,745.1,0.250,True,0
47715,1712,0.1040,1060.1,612.2,0.250,True,0
47766,1714,0.0977,1141.2,527.5,0.250,True,0
47805,1720,0.0810,1098.3,1205.4,0.250,True,0
47864,1722,0.0534,542.8,991.5,0.250,True,0
47901,1724,0.0888,689.7,500.6,0.250,True,0
47947,1726,0.0564,360.4,900.8,0.250,True,0
47998,1727,0.0403,1235.3,556.4,0.250,True,0
48035,1728,0.0574,347.3,810.6,0.250,True,0
48072,1730,0.0317,1508.2,747.9,0.250,True,0
48182,1731,0.0797,783.2,1266.7,0.250,True,0
48476,1733,0.0422,734.2,378.9,0.250,True,0
48723,1739,0.0726,663.4,1193.1,0.250,True,0
48762,1744,0.0850,1356.0,789.5,0.250,True,0
48901,1748,0.0717,665.7,552.5,0.250,True,0
48939,1751,0.1130,1008.2,362.8,0.250,True,0
49224,1753,0.0811,326.6,964.2,0.250,True,0
49340,1755,0.0579,1467.9,919.1,0.250,True,0
49377,1756,0.0702,542.1,719.8,0.250,True,0
49463,1759,0.1234,573.1,1208.7,0.250,True,0
49533,1763,0.0632,376.4,934.6,0.250,True,0
49635,1768,0.0358,1423.3,1085.6,0.250,True,0
49673,1769,0.0838,778.6,1105.1,0.250,True,0
49710,1770,0.0925,1173.2,734.0,0.250,True,0
50858,1773,0.1139,539.9,559.8,0.250,True,0
50918,1774,0.0390,1448.7,914.8,0.250,True,0
51045,1777,0.1062,1484.2,1013.1,0.250,True,0
51082,1779,0.1187,1081.7,1216.4,0.250,True,0
51213,1781,0.0409,677.4,383.8,0.250,True,0
51337,1782,0.0577,1052.3,687.5,0.250,True,0
51375,1785,0.1026,516.9,857.3,0.250,True,0
51415,1790,0.1141,574.6,978.2,0.250,True,0
51453,1795,0.0944,1167.3,812.6,0.250,True,0
51559,1797,0.0592,1351.9,409.0,0.250,True,0
51597,1798,0.0780,1179.0,1110.4,0.250,True,0
51804,1801,0.0786,446.8,1079.8,0.250,True,0
51933,1809,0.0843,932.1,1258.1,0.250,True,0
51998,1814,0.0492,1509.7,853.9,0.250,True,0
52214,1815,0.0507,337.3,741.4,0.250,True,0
52317,1817,0.0903,822.5,917.0,0.250,True,0
52356,1820,0.1249,845.8,506.2,0.250,True,0
52395,1824,0.0655,1071.1,1282.4,0.250,True,0
52432,1827,0.0655,804.3,1245.3,0.250,True,0
52478,1829,0.1366,692.9,1166.1,0.250,True,0
52794,1832,0.1167,609.0,1238.5,0.250,True,0
52831,1833,0.0543,1497.4,1020.3,0.250,True,0
53157,1835,0.0539,1358.4,452.9,0.250,True,0
53208,1839,0.0367,903.9,1381.2,0.250,True,0
53356,1842,0.0736,397.1,970.0,0.250,True,0
53522,1843,0.0435,1147.2,1382.1,0.250,True,0
53559,1844,0.0946,780.9,1117.8,0.250,True,0
53596,1846,0.0961,551.1,479.4,0.250,True,0
53796,1849,0.0602,780.1,1368.1,0.250,True,0
53946,1851,0.0504,1416.6,486.4,0.250,True,0
54039,1854,0.1122,1178.6,402.8,0.250,True,0
54176,1856,0.1024,1158.2,944.0,0.250,True,0
54266,1860,0.1325,1462.7,700.2,0.250,True,0
54303,1861,0.0710,616.9,1271.1,0.250,True,0
54394,1864,0.0496,266.7,669.6,0.250,True,0
54451,1865,0.0909,450.4,1096.4,0.250,True,0
54542,1866,0.0927,514.5,787.6,0.250,True,0
54633,1870,0.1520,607.9,801.7,0.250,True,0
54672,1873,0.0966,804.8,1170.5,0.250,True,0
54813,1877,0.1123,705.9,1033.3,0.250,True,0
54851,1878,0.0491,1383.0,823.8,0.250,True,0
54894,1880,0.0856,1440.8,877.6,0.250,True,0
54991,1883,0.1375,1378.3,874.5,0.250,True,0
55028,1884,0.0993,779.0,1095.5,0.250,True,0
55079,1885,0.1258,711.4,1338.3,0.250,True,0
55208,1887,0.1006,1439.6,1176.2,0.250,True,0
55245,1889,0.1273,1424.2,976.3,0.250,True,0
55445,1891,0.0771,664.6,1359.2,0.250,True,0
55490,1892,0.0555,1204.3,1322.0,0.250,True,0
55587,1893,0.0445,460.2,952.0,0.250,True,0
55762,1894,0.0718,364.3,1011.6,0.250,True,0
55862,1895,0.0877,888.8,1346.7,0.250,True,0
55900,1897,0.0991,1165.7,1092.5,0.250,True,0
56246,1898,0.0470,431.1,883.3,0.250,True,0
56283,1899,0.0748,1236.7,1033.9,0.250,True,0
56322,1904,0.0576,1367.0,561.6,0.250,True,0
56394,1905,0.0802,810.4,1385.6,0.250,True,0
56433,1909,0.0826,1211.2,1110.6,0.250,True,0
56586,1913,0.0625,763.2,260.1,0.250,True,0
56687,1914,0.0701,460.0,929.3,0.250,True,0
56724,1915,0.0747,1125.0,419.6,0.250,True,0
56781,1917,0.0678,795.8,1407.1,0.250,True,0
56991,1919,0.0674,498.7,1024.1,0.250,True,0
57075,1921,0.0584,1539.8,696.2,0.250,True,0
57113,1923,0.0339,460.6,465.6,0.250,True,0
57318,1924,0.0669,1410.8,750.0,0.250,True,0
57392,1925,0.0559,883.3,700.4,0.250,True,0
57431,1926,0.1020,879.2,717.0,0.250,True,0
57489,1927,0.1150,888.6,730.6,0.250,True,0
57598,1928,0.0970,874.3,1012.5,0.250,True,0
57651,1930,0.0733,890.6,1053.1,0.250,True,0
57744,1931,0.1122,801.8,1180.8,0.250,True,0
57889,1932,0.0653,1027.9,1011.2,0.250,True,0
58094,1933,0.1003,1316.6,322.8,0.250,True,0
58220,1935,0.0509,428.9,1158.5,0.250,True,0
58302,1939,0.0782,1333.2,1149.8,0.250,True,0
58341,1943,0.0908,1194.3,523.9,0.250,True,0
58428,1946,0.0789,397.7,1105.8,0.250,True,0
58535,1948,0.1050,948.5,1246.5,0.250,True,0
58707,1952,0.1155,1337.4,1199.0,0.250,True,0
58744,1954,0.0772,1025.0,831.7,0.250,True,0
58829,1955,0.0599,600.6,792.1,0.250,True,0
58866,1956,0.0934,338.3,884.8,0.250,True,0
59063,1959,0.0809,1210.4,1366.8,0.250,True,0
59103,1960,0.1051,1072.6,739.7,0.250,True,0
59176,1962,0.0603,658.9,733.2,0.250,True,0
59213,1963,0.0815,1420.2,841.9,0.250,True,0
59280,1966,0.0918,1426.7,865.1,0.250,True,0
59319,1972,0.1033,1188.5,1050.2,0.250,True,0
59371,1975,0.0708,344.1,1072.3,0.250,True,0
59410,1976,0.0497,1042.1,209.3,0.250,True,0
59481,1977,0.1371,1087.8,213.9,0.250,True,0
59528,1979,0.0434,981.3,1066.6,0.250,True,0
59772,1980,0.0618,1056.8,698.4,0.250,True,0
59834,1981,0.0865,448.2,913.6,0.250,True,0
60561,1984,0.0635,728.9,736.9,0.250,True,0
61134,1987,0.1273,328.5,1024.4,0.250,True,0
61409,1989,0.0791,1188.9,1367.5,0.250,True,0
61461,1991,0.0572,1397.6,344.5,0.250,True,0
61576,1993,0.0280,455.6,1186.9,0.250,True,0
61767,1997,0.1054,887.2,1076.6,0.250,True,0
62000,1999,0.1256,950.4,1447.5,0.250,True,0
62121,2001,0.0704,1302.3,511.9,0.250,True,0
62439,2005,0.1241,1499.8,743.5,0.250,True,0
62633,2009,0.0776,784.3,1067.4,0.250,True,0
62800,2011,0.0563,1300.3,1010.6,0.250,True,0
62892,2014,0.0754,788.7,231.5,0.250,True,0
63077,2015,0.0972,1491.8,538.6,0.250,True,0
63225,2019,0.0646,570.8,653.9,0.250,True,0
63447,2022,0.1118,366.0,958.8,0.250,True,0
63486,2027,0.0850,964.9,817.9,0.250,True,0
63705,2029,0.1102,669.2,485.1,0.250,True,0
63812,2031,0.1029,344.6,887.9,0.250,True,0
63849,2033,0.0638,451.0,1191.4,0.250,True,0
63933,2034,0.0696,350.8,583.2,0.250,True,0
63970,2036,0.0693,921.5,996.8,0.250,True,0
64008,2040,0.0876,617.4,596.5,0.250,True,0
64047,2043,0.0587,1070.5,512.2,0.250,True,0
64098,2045,0.0918,668.6,855.2,0.250,True,0
64233,2053,0.1018,506.1,1054.8,0.250,True,0
64611,2057,0.1062,496.3,872.8,0.250,True,0
64649,2060,0.1145,452.2,420.5,0.250,True,0
64901,2061,0.0975,641.8,932.6,0.250,True,0
64943,2063,0.0688,459.4,991.9,0.250,True,0
65013,2064,0.0675,524.1,1207.8,0.250,True,0
65051,2065,0.0953,982.5,1004.5,0.250,True,0
65118,2067,0.0967,1010.4,1158.1,0.250,True,0
65160,2071,0.1043,816.1,1119.4,0.250,True,0
65197,2074,0.0451,1229.3,417.7,0.250,True,0
65271,2077,0.0628,636.2,1094.2,0.250,True,0
65412,2079,0.0778,1539.6,797.1,0.250,True,0
65472,2083,0.0823,836.1,1366.7,0.250,True,0
65541,2085,0.0887,926.6,834.8,0.250,True,0
65583,2093,0.0983,626.7,1196.4,0.250,True,0
65677,2097,0.0607,517.9,805.1,0.250,True,0
65784,2098,0.0586,659.9,1242.4,0.250,True,0
65867,2099,0.0676,874.4,1302.3,0.250,True,0
66015,2101,0.1086,794.9,828.9,0.250,True,0
66054,2105,0.0813,458.4,632.4,0.250,True,0
66108,2108,0.1107,593.5,711.8,0.250,True,0
66209,2112,0.1036,617.1,1258.5,0.250,True,0
66246,2114,0.0634,812.8,880.4,0.250,True,0
66299,2117,0.0778,364.1,529.8,0.250,True,0
66443,2119,0.0618,1124.3,629.4,0.250,True,0
66603,2127,0.0862,807.6,1388.6,0.250,True,0
66640,2129,0.0504,519.2,777.8,0.250,True,0
66678,2133,0.0559,1438.6,680.4,0.250,True,0
66717,2141,0.1385,1536.0,978.9,0.250,True,0
66775,2146,0.0339,782.9,165.7,0.250,True,0
66820,2147,0.0494,688.7,1245.9,0.250,True,0
66911,2148,0.0406,1509.9,802.5,0.250,True,0
66951,2152,0.0601,447.8,1038.3,0.250,True,0
67171,2154,0.1219,458.1,1061.6,0.250,True,0
67431,2156,0.0328,1887.0,721.3,0.250,True,0
67730,2157,0.0334,529.1,1256.6,0.250,True,0
68149,2159,0.0856,1141.7,838.1,0.250,True,0
68243,2163,0.1167,1330.6,722.7,0.250,True,0
68281,2165,0.0658,1392.7,460.5,0.250,True,0
68688,2168,0.0793,925.6,824.9,0.250,True,0
68927,2170,0.1023,1470.7,1100.9,0.250,True,0
68979,2174,0.0813,864.7,532.8,0.250,True,0
69183,2178,0.1330,662.9,391.7,0.250,True,0
69287,2179,0.0905,1053.6,1021.8,0.250,True,0
69324,2181,0.1023,1330.9,1177.8,0.250,True,0
69545,2182,0.0909,550.2,1117.2,0.250,True,0
69702,2186,0.1018,921.3,497.6,0.250,True,0
69768,2189,0.0970,317.1,652.7,0.250,True,0
70047,2191,0.0431,1446.3,834.8,0.250,True,0
70254,2194,0.0794,573.0,1277.7,0.250,True,0
70386,2198,0.0670,812.3,1278.6,0.250,True,0
70503,2201,0.1061,1428.9,1143.7,0.250,True,0
70542,2205,0.0789,600.6,1176.6,0.250,True,0
70581,2213,0.1504,458.5,1162.4,0.250,True,0
70620,2217,0.1046,424.4,780.0,0.250,True,0
70812,2219,0.0411,1137.4,198.5,0.250,True,0
70854,2220,0.0658,388.8,670.0,0.250,True,0
70893,2225,0.0829,692.8,1266.1,0.250,True,0
70977,2227,0.1522,662.5,1357.0,0.250,True,0
71014,2229,0.0690,1090.8,484.5,0.250,True,0
71052,2233,0.0496,563.3,1237.0,0.250,True,0
71093,2235,0.1150,565.5,834.7,0.250,True,0
71175,2239,0.0427,1267.0,309.4,0.250,True,0
71217,2242,0.0673,794.5,1074.2,0.250,True,0
71256,2243,0.1046,1265.7,1051.1,0.250,True,0
71293,2245,0.0737,1157.2,285.1,0.250,True,0
71334,2248,0.0582,873.9,1307.5,0.250,True,0
71531,2251,0.0665,1754.3,1031.6,0.250,True,0
71568,2252,0.0830,903.0,727.7,0.250,True,0
71607,2257,0.1162,1382.4,675.5,0.250,True,0
71750,2260,0.0711,652.7,1298.0,0.250,True,0
71801,2262,0.0561,1518.7,667.4,0.250,True,0
72078,2265,0.0571,905.0,1387.5,0.250,True,0
72117,2269,0.0853,626.9,765.3,0.250,True,0
72156,2274,0.0943,346.8,867.7,0.250,True,0
72195,2278,0.1160,438.1,1146.9,0.250,True,0
72232,2280,0.1106,502.0,1264.0,0.250,True,0
72321,2283,0.1206,884.4,1386.5,0.250,True,0
72531,2285,0.0985,506.7,884.3,0.250,True,0
72651,2287,0.0660,414.4,634.6,0.250,True,0
72722,2288,0.0836,896.7,1421.2,0.250,True,0
72759,2290,0.0500,850.7,740.8,0.250,True,0
73082,2291,0.0584,1194.3,1054.5,0.250,True,0
73122,2295,0.0643,368.5,595.0,0.250,True,0
73161,2299,0.0723,657.5,1251.8,0.250,True,0
73367,2301,0.0373,1253.6,424.6,0.250,True,0
73410,2302,0.0507,287.5,940.7,0.250,True,0
73463,2303,0.1147,336.7,876.0,0.250,True,0
73500,2309,0.1255,674.4,1028.3,0.250,True,0
73724,2310,0.1231,529.8,1148.6,0.250,True,0
73763,2312,0.1630,544.2,1078.2,0.250,True,0
73824,2313,0.0492,1439.3,611.6,0.250,True,0
73863,2319,0.0887,652.2,780.9,0.250,True,0
74028,2323,0.0793,821.6,222.7,0.250,True,0
74065,2325,0.1131,682.2,270.9,0.250,True,0
74128,2327,0.0716,573.7,316.4,0.250,True,0
74423,2328,0.0644,319.8,491.2,0.250,True,0
74460,2329,0.0832,1008.8,381.4,0.250,True,0
74559,2331,0.1446,911.2,438.0,0.250,True,0
74637,2335,0.1033,763.0,849.4,0.250,True,0
74676,2339,0.1086,1375.1,988.4,0.250,True,0
74729,2341,0.0392,690.3,302.6,0.250,True,0
74766,2343,0.0539,930.9,834.8,0.250,True,0
74854,2346,0.0967,883.8,1267.6,0.250,True,0
74898,2348,0.1096,1519.1,1096.7,0.250,True,0
74949,2350,0.0620,1525.7,727.6,0.250,True,0
75039,2352,0.0928,1121.0,1241.8,0.250,True,0
75078,2357,0.0912,1035.7,776.8,0.250,True,0
75630,2360,0.0986,624.3,343.2,0.250,True,0
75698,2362,0.1362,690.9,393.0,0.250,True,0
75749,2363,0.0599,415.0,716.2,0.250,True,0
75806,2364,0.0510,1118.8,1285.4,0.250,True,0
75843,2365,0.0655,881.2,1142.8,0.250,True,0
75929,2366,0.1205,1242.7,1323.0,0.250,True,0
75966,2368,0.0995,779.4,1158.2,0.250,True,0
76003,2371,0.1040,899.2,1006.3,0.250,True,0
76056,2375,0.1239,543.1,1102.2,0.250,True,0
76103,2377,0.1296,655.2,911.3,0.250,True,0
76143,2379,0.1140,805.8,1048.6,0.250,True,0
76212,2381,0.0497,1185.3,467.8,0.250,True,0
76269,2384,0.1142,1247.5,621.4,0.250,True,0
76361,2387,0.0601,1290.2,1038.9,0.250,True,0
76467,2391,0.0517,671.8,1208.0,0.250,True,0
76506,2396,0.1554,575.3,1250.4,0.250,True,0
76614,2399,0.1163,692.6,1231.8,0.250,True,0
76654,2404,0.1312,487.2,1140.5,0.250,True,0
76692,2410,0.0918,923.2,1278.2,0.250,True,0
76729,2415,0.0980,427.2,1013.2,0.250,True,0
76767,2418,0.1060,812.3,891.3,0.250,True,0
76809,2422,0.1119,654.8,1119.0,0.250,True,0
76848,2427,0.1424,883.6,1232.9,0.250,True,0
76887,2431,0.1127,445.7,1012.6,0.250,True,0
76926,2437,0.0912,593.2,579.6,0.250,True,0
77118,2440,0.0958,882.6,1002.5,0.250,True,0
77157,2447,0.1390,1163.2,771.9,0.250,True,0
77194,2452,0.1010,1269.1,868.9,0.250,True,0
77255,2453,0.1305,1540.7,749.8,0.250,True,0
77292,2455,0.0757,583.9,660.7,0.250,True,0
77340,2459,0.0940,780.1,1325.5,0.250,True,0
77396,2461,0.0615,1145.2,1214.4,0.250,True,0
77433,2462,0.0787,404.6,851.5,0.250,True,0
77532,2464,0.1225,613.3,1312.5,0.250,True,0
77574,2466,0.0719,614.9,1204.4,0.250,True,0
77615,2467,0.0568,1088.0,639.5,0.250,True,0
77663,2468,0.0479,657.3,1240.8,0.250,True,0
77792,2470,0.0551,1156.5,1007.9,0.250,True,0
77909,2471,0.0507,1079.1,346.0,0.250,True,0
77946,2472,0.0775,802.0,901.5,0.250,True,0
78039,2474,0.1132,1198.6,1280.3,0.250,True,0
78175,2476,0.1022,1475.6,1072.8,0.250,True,0
78440,2477,0.1090,952.9,1446.7,0.250,True,0
78495,2481,0.1336,824.9,1249.2,0.250,True,0
78759,2483,0.0697,989.5,1285.4,0.250,True,0
78798,2486,0.0515,881.3,643.2,0.250,True,0
78933,2487,0.0855,799.1,1398.6,0.250,True,0
78972,2491,0.1291,925.1,1198.4,0.250,True,0
79557,2494,0.0795,427.6,731.6,0.250,True,0
79746,2497,0.0527,1414.6,1026.2,0.250,True,0
80070,2501,0.0991,852.8,1310.8,0.250,True,0
80159,2503,0.1114,1002.2,1304.5,0.250,True,0
80328,2506,0.1133,800.8,1269.4,0.250,True,0
80382,2510,0.0821,1326.7,870.8,0.250,True,0
80420,2512,0.1172,1133.6,1104.7,0.250,True,0
80766,2515,0.0822,448.3,815.9,0.250,True,0
80804,2518,0.1034,369.1,792.1,0.250,True,0
80841,2521,0.1459,427.5,718.5,0.250,True,0
81039,2524,0.0955,623.1,1333.0,0.250,True,0
81150,2526,0.1100,746.3,1168.1,0.250,True,0
81396,2529,0.1364,486.6,1207.4,0.250,True,0
81437,2531,0.1127,695.9,830.4,0.250,True,0
81474,2532,0.1101,996.8,825.3,0.250,True,0
81577,2534,0.0591,750.4,1197.7,0.250,True,0
82087,2535,0.1006,794.5,1086.4,0.250,True,0
82125,2538,0.0601,1159.4,1292.2,0.250,True,0
82198,2539,0.0684,1244.2,592.8,0.250,True,0
82235,2540,0.0963,588.6,803.5,0.250,True,0
82281,2542,0.0776,1099.5,1208.0,0.250,True,0
82779,2544,0.0802,446.3,690.2,0.250,True,0
83142,2546,0.0741,1195.8,1135.5,0.250,True,0
83421,2548,0.1000,521.5,1018.5,0.250,True,0
83546,2550,0.1324,396.8,1065.9,0.250,True,0
83693,2552,0.0958,878.9,1120.6,0.250,True,0
84071,2553,0.1050,530.3,1257.0,0.250,True,0
84114,2557,0.0768,1452.1,1194.4,0.250,True,0
84351,2559,0.0629,570.5,520.0,0.250,True,0
84443,2560,0.0642,1405.5,985.2,0.250,True,0
84741,2561,0.0462,397.9,438.1,0.250,True,0
84885,2562,0.0783,518.6,1195.3,0.250,True,0
84924,2569,0.0974,791.3,1227.8,0.250,True,0
84961,2573,0.0993,1079.1,1029.9,0.250,True,0
85317,2576,0.0975,796.2,693.1,0.250,True,0
85410,2578,0.0880,446.1,1044.5,0.250,True,0
85785,2582,0.1331,440.4,1071.5,0.250,True,0
85919,2585,0.1306,524.5,1143.7,0.250,True,0
85956,2587,0.0700,883.5,370.4,0.250,True,0
86045,2590,0.0518,311.6,654.6,0.250,True,0
86176,2591,0.1038,884.5,801.1,0.250,True,0
86214,2594,0.0942,878.4,956.5,0.250,True,0
86259,2596,0.1074,405.3,1046.8,0.250,True,0
86396,2599,0.1320,416.4,1122.1,0.250,True,0
86497,2602,0.1153,991.4,1113.9,0.250,True,0
86625,2603,0.0874,519.2,416.5,0.250,True,0
86701,2605,0.0973,360.3,1079.1,0.250,True,0
86762,2607,0.0485,1059.6,1272.7,0.250,True,0
86967,2608,0.0587,1040.9,263.8,0.250,True,0
87204,2610,0.0941,699.8,922.3,0.250,True,0
87247,2612,0.0547,1170.9,1229.2,0.250,True,0
87311,2613,0.1204,777.3,1200.0,0.250,True,0
87348,2615,0.1170,858.2,1157.3,0.250,True,0
87387,2618,0.1091,1106.5,662.3,0.250,True,0
87437,2620,0.0838,592.2,1282.4,0.250,True,0
87475,2622,0.0765,830.5,493.4,0.250,True,0
87513,2625,0.0758,681.1,1044.5,0.250,True,0
87873,2627,0.0536,383.0,532.1,0.250,True,0
88106,2628,0.0703,796.5,1300.3,0.250,True,0
88143,2630,0.0807,1027.2,1212.9,0.250,True,0
88218,2635,0.0939,1539.9,699.8,0.250,True,0
88257,2644,0.1722,1535.2,669.8,0.250,True,0
88308,2646,0.0836,1090.3,1118.9,0.250,True,0
88413,2650,0.1130,1528.0,852.9,0.250,True,0
88461,2652,0.1068,1123.1,1277.7,0.250,True,0
88498,2653,0.0535,1032.4,691.9,0.250,True,0
88562,2656,0.0725,938.6,680.7,0.250,True,0
88635,2657,0.0997,322.2,990.1,0.250,True,0
88672,2659,0.0891,945.1,1271.6,0.250,True,0
88710,2663,0.1138,867.4,1252.6,0.250,True,0
88827,2667,0.0980,806.9,799.6,0.250,True,0
88989,2673,0.0607,459.3,591.7,0.250,True,0
89370,2677,0.0679,1088.4,311.9,0.250,True,0
89628,2679,0.0949,940.1,917.6,0.250,True,0
89665,2681,0.1195,613.3,1000.7,0.250,True,0
89757,2682,0.1002,836.1,921.3,0.250,True,0
89796,2685,0.0594,462.6,1155.0,0.250,True,0
89869,2686,0.0394,1030.5,375.2,0.250,True,0
89907,2689,0.0642,1240.9,606.5,0.250,True,0
90186,2691,0.0662,1232.7,345.5,0.250,True,0
90294,2694,0.0631,1239.2,685.5,0.250,True,0
90336,2695,0.0655,1223.4,408.4,0.250,True,0
90543,2696,0.0706,1197.4,1183.8,0.250,True,0
90605,2699,0.0389,370.8,661.5,0.250,True,0
90642,2700,0.0955,641.3,281.0,0.250,True,0
90746,2702,0.1143,583.8,214.6,0.250,True,0
91131,2705,0.0767,542.0,926.8,0.250,True,0
91168,2708,0.0452,1243.4,527.6,0.250,True,0
91241,2711,0.0653,728.9,1318.8,0.250,True,0
91338,2714,0.1604,616.6,1287.9,0.250,True,0
91431,2718,0.1280,656.0,1261.7,0.250,True,0
91468,2721,0.0549,445.1,748.3,0.250,True,0
91526,2722,0.0906,875.7,1409.3,0.250,True,0
91563,2724,0.0972,917.9,1257.7,0.250,True,0
91676,2725,0.1155,964.6,1381.5,0.250,True,0
91727,2726,0.0639,325.5,465.0,0.250,True,0
91797,2729,0.0844,626.5,1236.7,0.250,True,0
91838,2731,0.1399,760.7,1236.9,0.250,True,0
92082,2733,0.1230,584.2,1173.4,0.250,True,0
92233,2735,0.0881,1128.2,1245.0,0.250,True,0
92375,2736,0.1024,1131.0,866.6,0.250,True,0
92412,2738,0.0956,386.6,1033.1,0.250,True,0
92459,2740,0.1131,850.2,1108.6,0.250,True,0
92496,2743,0.0889,487.5,1049.1,0.250,True,0
92892,2748,0.0834,573.9,528.4,0.250,True,0
93222,2751,0.1243,620.8,200.3,0.250,True,0
93291,2757,0.0796,449.1,1153.6,0.250,True,0
93339,2759,0.0658,459.7,882.3,0.250,True,0
93383,2762,0.0685,1225.5,778.8,0.250,True,0
93770,2764,0.0795,340.7,718.5,0.250,True,0
93807,2766,0.0804,908.7,416.5,0.250,True,0
93846,2772,0.0892,704.1,1050.7,0.250,True,0
94013,2774,0.1130,1259.3,931.6,0.250,True,0
94050,2776,0.1026,1566.4,793.9,0.250,True,0
94236,2777,0.0671,1418.5,978.1,0.250,True,0
94273,2778,0.0760,1418.2,975.2,0.250,True,0
94532,2779,0.0741,1425.5,925.9,0.250,True,0
94776,2782,0.1020,1111.9,356.4,0.250,True,0
95224,2784,0.1018,1243.3,665.2,0.250,True,0
95275,2787,0.0436,809.0,1401.3,0.250,True,0
95313,2792,0.0660,1363.0,1050.3,0.250,True,0
95486,2794,0.0615,1026.4,867.4,0.250,True,0
95651,2795,0.0707,991.3,1005.3,0.250,True,0
95688,2796,0.1070,922.1,1269.2,0.250,True,0
95725,2798,0.0611,700.7,953.0,0.250,True,0
96116,2799,0.1202,620.3,1283.8,0.250,True,0
96153,2801,0.1137,373.2,887.7,0.250,True,0
96311,2803,0.0825,1010.6,1354.4,0.250,True,0
96348,2805,0.0883,1180.9,934.2,0.250,True,0
96460,2807,0.1126,1162.1,937.7,0.250,True,0
96723,2810,0.1270,1328.6,1290.1,0.250,True,0
96768,2811,0.0546,767.4,1223.7,0.250,True,0
97284,2812,0.0802,334.6,794.5,0.250,True,0
97521,2819,0.0628,460.5,1121.7,0.250,True,0
97578,2820,0.1064,762.2,690.1,0.250,True,0
97941,2822,0.0649,1013.8,563.8,0.250,True,0
97998,2823,0.0999,950.5,1188.6,0.250,True,0
98072,2825,0.0892,333.9,792.8,0.250,True,0
98112,2828,0.0909,889.9,1396.6,0.250,True,0
98301,2830,0.1159,1268.3,1268.6,0.250,True,0
98481,2832,0.0468,936.5,574.8,0.250,True,0
98524,2838,0.0652,1030.7,850.7,0.250,True,0
98586,2839,0.1307,1125.5,789.8,0.250,True,0
98712,2843,0.0940,1275.8,1245.7,0.250,True,0
98924,2845,0.0942,867.4,1261.8,0.250,True,0
99360,2848,0.1282,668.8,1334.3,0.250,True,0
99546,2850,0.0704,1239.6,720.1,0.250,True,0
99932,2852,0.1144,876.2,699.1,0.250,True,0
100166,2857,0.0893,671.9,1291.4,0.250,True,0
100203,2859,0.0897,863.8,1087.2,0.250,True,0
100242,2864,0.0948,520.5,368.5,0.250,True,0
100279,2867,0.1065,645.8,883.9,0.250,True,0
100316,2868,0.1264,866.2,673.2,0.250,True,0
100485,2869,0.0563,1385.7,641.1,0.250,True,0
100811,2870,0.0621,460.5,336.5,0.250,True,0
100892,2873,0.0752,545.7,1119.4,0.250,True,0
100964,2875,0.0354,1526.6,692.5,0.250,True,0
101517,2876,0.0878,999.9,1418.1,0.250,True,0
101568,2878,0.0560,454.5,297.9,0.250,True,0
101643,2880,0.0553,452.4,844.0,0.250,True,0
101710,2882,0.1367,284.6,758.8,0.250,True,0
101769,2888,0.1144,467.8,699.3,0.250,True,0
101854,2891,0.1000,1170.5,826.8,0.250,True,0
102098,2892,0.1078,768.5,682.3,0.250,True,0
102135,2894,0.0799,825.9,1402.1,0.250,True,0
102277,2897,0.0489,1387.3,961.2,0.250,True,0
102582,2898,0.0999,966.3,1250.7,0.250,True,0
102654,2900,0.1172,1238.9,972.4,0.250,True,0
102720,2902,0.0997,613.7,794.1,0.250,True,0
102993,2906,0.0627,507.7,457.2,0.250,True,0
103034,2908,0.0443,643.8,1279.2,0.250,True,0
103238,2911,0.0498,565.1,594.8,0.250,True,0
103359,2914,0.0947,913.6,1126.6,0.250,True,0
103398,2919,0.0655,1179.2,1027.2,0.250,True,0
103899,2921,0.0556,640.7,1043.2,0.250,True,0
104062,2924,0.0564,1098.2,1281.3,0.250,True,0
104099,2925,0.0820,949.7,412.5,0.250,True,0
104336,2928,0.0510,580.3,957.8,0.250,True,0
104609,2929,0.0724,1371.3,1056.6,0.250,True,0
104911,2930,0.0961,1109.2,1334.0,0.250,True,0
104952,2933,0.1279,1055.7,1338.8,0.250,True,0
104994,2940,0.0751,390.1,842.0,0.250,True,0
105245,2942,0.0469,1014.6,1288.6,0.250,True,0
105282,2943,0.0434,1367.8,512.2,0.250,True,0
105343,2944,0.0503,841.3,82.1,0.250,True,0
105462,2945,0.0459,822.3,1358.0,0.250,True,0
105501,2946,0.1241,454.4,1128.0,0.250,True,0
105540,2950,0.0837,875.2,1233.9,0.250,True,0
105639,2955,0.0995,859.3,696.7,0.250,True,0
105791,2966,0.1183,770.5,1155.3,0.250,True,0
105828,2968,0.1179,840.3,1144.9,0.250,True,0
105865,2970,0.0563,459.2,800.5,0.250,True,0
106024,2971,0.0713,419.1,924.5,0.250,True,0
106413,2974,0.0542,989.1,1001.1,0.250,True,0
106458,2978,0.0978,516.0,1206.5,0.250,True,0
106556,2980,0.0377,1522.2,1137.4,0.250,True,0
106602,2983,0.1193,1406.7,914.6,0.250,True,0
106644,2987,0.0781,641.7,1266.9,0.250,True,0
106702,2990,0.0483,1179.9,774.6,0.250,True,0
107121,2993,0.1210,1392.4,1114.3,0.250,True,0
107508,2997,0.0403,460.9,989.6,0.250,True,0
107742,3000,0.1444,452.1,1108.5,0.250,True,0
107892,3002,0.0895,784.6,519.3,0.250,True,0
107943,3006,0.1041,395.6,998.1,0.250,True,0
107991,3008,0.0856,1070.6,1285.9,0.250,True,0
108030,3015,0.1192,911.2,818.7,0.250,True,0
108068,3018,0.0810,1327.4,816.6,0.250,True,0
108134,3019,0.0691,1508.7,794.5,0.250,True,0
108171,3021,0.0878,799.1,648.4,0.250,True,0
108210,3024,0.1020,1337.2,790.4,0.250,True,0
108249,3034,0.1135,798.1,796.2,0.250,True,0
108288,3046,0.1313,987.2,585.6,0.250,True,0
108325,3050,0.1093,1080.1,277.5,0.250,True,0
108885,3054,0.0800,630.5,1039.3,0.250,True,0
109013,3057,0.0386,1504.8,580.2,0.250,True,0
109053,3060,0.0314,329.1,617.5,0.250,True,0
109403,3062,0.0541,1495.0,981.0,0.250,True,0
109631,3063,0.0356,757.5,213.8,0.250,True,0
109668,3064,0.1100,741.0,685.3,0.250,True,0
109707,3069,0.0973,423.5,958.8,0.250,True,0
109746,3074,0.1005,305.4,946.6,0.250,True,0
109885,3076,0.0528,774.0,1337.8,0.250,True,0
109923,3077,0.1300,670.6,1339.3,0.250,True,0
109962,3081,0.1120,1174.2,1313.8,0.250,True,0
110202,3083,0.0853,451.3,1129.2,0.250,True,0
110457,3085,0.1104,327.7,973.8,0.250,True,0
110637,3087,0.0983,766.6,1164.6,0.250,True,0
110676,3098,0.1098,1176.0,1209.7,0.250,True,0
110713,3102,0.1261,1338.2,1205.3,0.250,True,0
110751,3105,0.1204,951.3,824.6,0.250,True,0
111141,3109,0.0852,439.7,1082.2,0.250,True,0
111178,3111,0.0505,1108.2,1023.3,0.250,True,0
